CATTCCGATACTACATTGTTGGCAATGCGTTCGCATGTCGCATGTGAAACGTTGCTATTCCAGCGGGATGTTTTATCTAAACACGACCCCACCCCTATTCGTCAGGCCACATGGCTTTCTTAGAGGGTTCTTGCATCGTTCGACTGAGTTTGTTTCATGTAGTACGAGCGCAAA	seq13198	87.5294929392836	14.931639336688	1	3	1						87						7	0	102
CATTCCGATACTACATTGTTGGCAATGCGTTCGCATGTCGCATGTGAAACGTTGCTATTCCAGCGGGATGTTTTATCTAAACACGACCCCGCCCCTATTCGTCAGGCCACATGGCTTTCTTAGAGGGTTCTTGCATCGTTCGACTGAGTTTGTTTCATGTAGTACGAGCGCAAA	seq13199	23.3105752238419	1.62788417556877	1	3	3						87						7	0	95
CATTCCGATACTACATTGTTGGCAATGCGTTCGCATGTCGCATGTGAAACGTTGCTATTCCAGCGGGATGTTTTATCTAAACACGACCACGCCCTTATTCGTCAGGCCACATGGCTTTCTTAGAGGGTTCTTGCATCGTTCGACTGAGTTTGTTTCATGTAGTACGAGCGCAAA	seq13200	4.68194987627842	0.326669788221015	1	3	4						87						7	0	86
CATTCCGATACTACATTGTTGGCAATGCGTTCGCATGTCGCATGTGAAACGTTGCTATTCCAGCGGGATGTTTTATCTAAACACGACCACACCCTTATTCGTCAGGCCACATGGCTTTCTTAGAGGGTTCTTGCATCGTTCGACTGAGTTTGTTTCATGTAGTACGAGCGCAAA	seq13201	7.5222907264571	0.488077248228859	1	3	5						87						7	0	118
CATTCCGATACTACATTGTTGGCAATGCGTTCGCATGTCGCATGTGAAACGTTGCTATTCCAGCGGGATGTTTTATCTAAACACGACCCCACCCTTATTCGTCAGGCCACATGGCTTTCTTAGAGGGTTCTTGCATCGTTCGACTGAGTTTGTTTCATGTAGTACGAGCGCAAA	seq13202	32.0525141052876	2.43415602020046	1	3	6						87						7	0	80
CATTCCGATACTACATTGTTGGCAATGCGTTCGCATGTCGCATGTGAAACGTTGCTATTCCAGCGGGATGTTTTATCTAAACACGACCACCCCCTTATTCGTCAGGCCACATGGCTTTCTTAGAGGGTTCTTGCATCGTTCGACTGAGTTTGTTTCATGTAGTACGAGCGCAAA	seq13203	2433.44646654005	295.803237917117	1	3	7						87						7	0	72
CATTCCGATACTACATTGTTGGCAATGCGTTCGCATGTCGCATGTGAAACGTTGCTATTCCAGCGGGATGTTTTATCTAAACACGACGCCGCCCATATTCGTCAGGCCACATGGCTTTCTTAGAGGGTTCTTGCATCGTTCGACTGAGTTTGTTTCATGTAGTACGAGCGCAAA	seq13204	335.52123628049	101.251230806432	1	3	8						87						7	0	90
CATTCCGATACTACATTGTTGGCAATGCGTTCGCATGTCGCATGTGAAACGTTGCTATTCCAGCGGGATGTTTTATCTAAACACGACCACGCCCCTATTCGTCAGGCCACATGGCTTTCTTAGAGGGTTCTTGCATCGTTCGACTGAGTTTGTTTCATGTAGTACGAGCGCAAA	seq13205	7.32029140988145	0.542542295656043	1	3	9						87						7	0	88
CATTCCGATACTACATTGTTGGCAATGCGTTCGCATGTCGCATGTGAAACGTTGCTATTCCAGCGGGATGTTTTATCTAAACACGACCCCGCCCTTATTCGTCAGGCCACATGGCTTTCTTAGAGGGTTCTTGCATCGTTCGACTGAGTTTGTTTCATGTAGTACGAGCGCAAA	seq13206	15.114356642974	0.831291163334166	1	3	10						87						7	0	95
CATTCCGATACTACATTGTTGGCAATGCGTTCGCATGTCGCATGTGAAACGTTGCTATTCCAGCGGGATGTTTTATCTAAACACGACCGCTCCCGTATTCGTCAGGCCACATGGCTTTCTTAGAGGGTTCTTGCATCGTTCGACTGAGTTTGTTTCATGTAGTACGAGCGCAAA	seq13207	1396.74011424899	166.137579819349	1	3	11						87						7	0	101
CATTCCGATACTACATTGTTGGCAATGCGTTCGCATGTCGCATGTGAAACGTTGCTATTCCAGCGGGATGTTTTATCTAAACACGACCGCCCCCATATTCGTCAGGCCACATGGCTTTCTTAGAGGGTTCTTGCATCGTTCGACTGAGTTTGTTTCATGTAGTACGAGCGCAAA	seq13208	6186.18884104585	1263.37618420199	1	3	12						87						7	0	100
CATTCCGATACTACATTGTTGGCAATGCGTTCGCATGTCGCATGTGAAACGTTGCTATTCCAGCGGGATGTTTTATCTAAACACGACCACGCCTCTATTCGTCAGGCCACATGGCTTTCTTAGAGGGTTCTTGCATCGTTCGACTGAGTTTGTTTCATGTAGTACGAGCGCAAA	seq13209	64.0221281841449	11.7183898681036	1	3	13						87						7	0	94
CATTCCGATACTACATTGTTGGCAATGCGTTCGCATGTCGCATGTGAAACGTTGCTATTCCAGCGGGATGTTTTATCTAAACACGACCACACCCATATTCGTCAGGCCACATGGCTTTCTTAGAGGGTTCTTGCATCGTTCGACTGAGTTTGTTTCATGTAGTACGAGCGCAAA	seq13210	5.14297027609532	0.247181545587404	1	3	14						87						7	0	112
CATTCCGATACTACATTGTTGGCAATGCGTTCGCATGTCGCATGTGAAACGTTGCTATTCCAGCGGGATGTTTTATCTAAACACGACCACACCCCTATTCGTCAGGCCACATGGCTTTCTTAGAGGGTTCTTGCATCGTTCGACTGAGTTTGTTTCATGTAGTACGAGCGCAAA	seq13211	14.6851404076391	0.911739074010876	1	3	15						87						7	0	88
CATTCCGATACTACATTGTTGGCAATGCGTTCGCATGTCGCATGTGAAACGTTGCTATTCCAGCGGGATGTTTTATCTAAACACGAACACGCCCATATTCGTCAGGCCACATGGCTTTCTTAGAGGGTTCTTGCATCGTTCGACTGAGTTTGTTTCATGTAGTACGAGCGCAAA	seq13212	31.8168484203457	2.24492983667433	1	3	17						87						7	0	99
CATTCCGATACTACATTGTTGGCAATGCGTTCGCATGTCGCATGTGAAACGTTGCTATTCCAGCGGGATGTTTTATCTAAACACGAGCACGCCCATATTCGTCAGGCCACATGGCTTTCTTAGAGGGTTCTTGCATCGTTCGACTGAGTTTGTTTCATGTAGTACGAGCGCAAA	seq13213	206.090126903848	46.3679149469949	1	3	18						87						7	0	67
CATTCCGATACTACATTGTTGGCAATGCGTTCGCATGTCGCATGTGAAACGTTGCTATTCCAGCGGGATGTTTTATCTAAACACGATCACGCCCATATTCGTCAGGCCACATGGCTTTCTTAGAGGGTTCTTGCATCGTTCGACTGAGTTTGTTTCATGTAGTACGAGCGCAAA	seq13214	96.6745937172873	12.524444925786	1	3	19						87						7	0	116
CATTCCGATACTACATTGTTGGCAATGCGTTCGCATGTCGCATGTGAAACGTTGCTATTCCAGCGGGATGTTTTATCTAAACACGACAACGCCCATATTCGTCAGGCCACATGGCTTTCTTAGAGGGTTCTTGCATCGTTCGACTGAGTTTGTTTCATGTAGTACGAGCGCAAA	seq13215	18.3954159673758	1.62431446890823	1	3	20						87						7	0	57
CATTCCGATACTACATTGTTGGCAATGCGTTCGCATGTCGCATGTGAAACGTTGCTATTCCAGCGGGATGTTTTATCTAAACACGACGACGCCCATATTCGTCAGGCCACATGGCTTTCTTAGAGGGTTCTTGCATCGTTCGACTGAGTTTGTTTCATGTAGTACGAGCGCAAA	seq13216	51.2882329187167	6.64954566253517	1	3	21						87						7	0	91
CATTCCGATACTACATTGTTGGCAATGCGTTCGCATGTCGCATGTGAAACGTTGCTATTCCAGCGGGATGTTTTATCTAAACACGACTACGCCCATATTCGTCAGGCCACATGGCTTTCTTAGAGGGTTCTTGCATCGTTCGACTGAGTTTGTTTCATGTAGTACGAGCGCAAA	seq13217	28.5804628047684	1.69375446104327	1	3	22						87						7	0	86
CATTCCGATACTACATTGTTGGCAATGCGTTCGCATGTCGCATGTGAAACGTTGCTATTCCAGCGGGATGTTTTATCTAAACACGACCCCGCCCATATTCGTCAGGCCACATGGCTTTCTTAGAGGGTTCTTGCATCGTTCGACTGAGTTTGTTTCATGTAGTACGAGCGCAAA	seq13218	12.401728044297	0.785444751400206	1	3	23						87						7	0	81
CATTCCGATACTACATTGTTGGCAATGCGTTCGCATGTCGCATGTGAAACGTTGCTATTCCAGCGGGATGTTTTATCTAAACACGACCGCGCCCATATTCGTCAGGCCACATGGCTTTCTTAGAGGGTTCTTGCATCGTTCGACTGAGTTTGTTTCATGTAGTACGAGCGCAAA	seq13219	20.3522415536873	1.13353932036564	1	3	24						87						7	0	83
CATTCCGATACTACATTGTTGGCAATGCGTTCGCATGTCGCATGTGAAACGTTGCTATTCCAGCGGGATGTTTTATCTAAACACGACCTCGCCCATATTCGTCAGGCCACATGGCTTTCTTAGAGGGTTCTTGCATCGTTCGACTGAGTTTGTTTCATGTAGTACGAGCGCAAA	seq13220	100.137125457175	17.3097358771353	1	3	25						87						7	0	98
CATTCCGATACTACATTGTTGGCAATGCGTTCGCATGTCGCATGTGAAACGTTGCTATTCCAGCGGGATGTTTTATCTAAACACGACCAAGCCCATATTCGTCAGGCCACATGGCTTTCTTAGAGGGTTCTTGCATCGTTCGACTGAGTTTGTTTCATGTAGTACGAGCGCAAA	seq13221	1465.88737252352	161.023368369944	1	3	26						87						7	0	78
CATTCCGATACTACATTGTTGGCAATGCGTTCGCATGTCGCATGTGAAACGTTGCTATTCCAGCGGGATGTTTTATCTAAACACGACCAGGCCCATATTCGTCAGGCCACATGGCTTTCTTAGAGGGTTCTTGCATCGTTCGACTGAGTTTGTTTCATGTAGTACGAGCGCAAA	seq13222	4749.54705226048	1019.67300702681	1	3	27						87						7	0	87
CATTCCGATACTACATTGTTGGCAATGCGTTCGCATGTCGCATGTGAAACGTTGCTATTCCAGCGGGATGTTTTATCTAAACACGACCATGCCCATATTCGTCAGGCCACATGGCTTTCTTAGAGGGTTCTTGCATCGTTCGACTGAGTTTGTTTCATGTAGTACGAGCGCAAA	seq13223	1565.9393485166	218.157944170751	1	3	28						87						7	0	105
CATTCCGATACTACATTGTTGGCAATGCGTTCGCATGTCGCATGTGAAACGTTGCTATTCCAGCGGGATGTTTTATCTAAACACGACCACCCCCATATTCGTCAGGCCACATGGCTTTCTTAGAGGGTTCTTGCATCGTTCGACTGAGTTTGTTTCATGTAGTACGAGCGCAAA	seq13224	2600.59081204253	362.308531362052	1	3	29						87						7	0	87
CATTCCGATACTACATTGTTGGCAATGCGTTCGCATGTCGCATGTGAAACGTTGCTATTCCAGCGGGATGTTTTATCTAAACACGACCACTCCCATATTCGTCAGGCCACATGGCTTTCTTAGAGGGTTCTTGCATCGTTCGACTGAGTTTGTTTCATGTAGTACGAGCGCAAA	seq13225	43.2280153499993	3.64406426323496	1	3	30						87						7	0	99
CATTCCGATACTACATTGTTGGCAATGCGTTCGCATGTCGCATGTGAAACGTTGCTATTCCAGCGGGATGTTTTATCTAAACACGACCACGACCATATTCGTCAGGCCACATGGCTTTCTTAGAGGGTTCTTGCATCGTTCGACTGAGTTTGTTTCATGTAGTACGAGCGCAAA	seq13226	13716.0022881085	4631.07281330636	1	3	31						87						7	0	112
CATTCCGATACTACATTGTTGGCAATGCGTTCGCATGTCGCATGTGAAACGTTGCTATTCCAGCGGGATGTTTTATCTAAACACGACCACGGCCATATTCGTCAGGCCACATGGCTTTCTTAGAGGGTTCTTGCATCGTTCGACTGAGTTTGTTTCATGTAGTACGAGCGCAAA	seq13227	46199.1400487935	16111.6039584149	1	3	32						87						7	0	69
CATTCCGATACTACATTGTTGGCAATGCGTTCGCATGTCGCATGTGAAACGTTGCTATTCCAGCGGGATGTTTTATCTAAACACGACCACGTCCATATTCGTCAGGCCACATGGCTTTCTTAGAGGGTTCTTGCATCGTTCGACTGAGTTTGTTTCATGTAGTACGAGCGCAAA	seq13228	10461.2645564256	4028.13991540314	1	3	33						87						7	0	102
CATTCCGATACTACATTGTTGGCAATGCGTTCGCATGTCGCATGTGAAACGTTGCTATTCCAGCGGGATGTTTTATCTAAACACGACCACGCACATATTCGTCAGGCCACATGGCTTTCTTAGAGGGTTCTTGCATCGTTCGACTGAGTTTGTTTCATGTAGTACGAGCGCAAA	seq13229	18466.084367286	8306.07128680148	1	3	34						87						7	0	71
CATTCCGATACTACATTGTTGGCAATGCGTTCGCATGTCGCATGTGAAACGTTGCTATTCCAGCGGGATGTTTTATCTAAACACGACCACGCGCATATTCGTCAGGCCACATGGCTTTCTTAGAGGGTTCTTGCATCGTTCGACTGAGTTTGTTTCATGTAGTACGAGCGCAAA	seq13230	22085.751301008	15298.9084221207	1	3	35						87						7	0	85
CATTCCGATACTACATTGTTGGCAATGCGTTCGCATGTCGCATGTGAAACGTTGCTATTCCAGCGGGATGTTTTATCTAAACACGACCACGCTCATATTCGTCAGGCCACATGGCTTTCTTAGAGGGTTCTTGCATCGTTCGACTGAGTTTGTTTCATGTAGTACGAGCGCAAA	seq13231	2929.11928027433	483.140416121137	1	3	36						87						7	0	60
CATTCCGATACTACATTGTTGGCAATGCGTTCGCATGTCGCATGTGAAACGTTGCTATTCCAGCGGGATGTTTTATCTAAACACGACCACGCCAATATTCGTCAGGCCACATGGCTTTCTTAGAGGGTTCTTGCATCGTTCGACTGAGTTTGTTTCATGTAGTACGAGCGCAAA	seq13232	1914.0138853254	258.022502450359	1	3	37						87						7	0	74
CATTCCGATACTACATTGTTGGCAATGCGTTCGCATGTCGCATGTGAAACGTTGCTATTCCAGCGGGATGTTTTATCTAAACACGACCACGCCGATATTCGTCAGGCCACATGGCTTTCTTAGAGGGTTCTTGCATCGTTCGACTGAGTTTGTTTCATGTAGTACGAGCGCAAA	seq13233	7826.15052115856	1165.37239976416	1	3	38						87						7	0	87
CATTCCGATACTACATTGTTGGCAATGCGTTCGCATGTCGCATGTGAAACGTTGCTATTCCAGCGGGATGTTTTATCTAAACACGACCACGCCTATATTCGTCAGGCCACATGGCTTTCTTAGAGGGTTCTTGCATCGTTCGACTGAGTTTGTTTCATGTAGTACGAGCGCAAA	seq13234	13.6964178376708	1.25245390778599	1	3	39						87						7	0	70
CATTCCGATACTACATTGTTGGCAATGCGTTCGCATGTCGCATGTGAAACGTTGCTATTCCAGCGGGATGTTTTATCTAAACACGACCACGCCCGTATTCGTCAGGCCACATGGCTTTCTTAGAGGGTTCTTGCATCGTTCGACTGAGTTTGTTTCATGTAGTACGAGCGCAAA	seq13235	21.1791501792903	1.6597288450556	1	3	40						87						7	0	113
CATTCCGATACTACATTGTTGGCAATGCGTTCGCATGTCGCATGTGAAACGTTGCTATTCCAGCGGGATGTTTTATCTAAACACGAAAACGCCCATATTCGTCAGGCCACATGGCTTTCTTAGAGGGTTCTTGCATCGTTCGACTGAGTTTGTTTCATGTAGTACGAGCGCAAA	seq13236	97.4889713086823	11.2519326981145	1	3	41						87						7	0	90
CATTCCGATACTACATTGTTGGCAATGCGTTCGCATGTCGCATGTGAAACGTTGCTATTCCAGCGGGATGTTTTATCTAAACACGAAGACGCCCATATTCGTCAGGCCACATGGCTTTCTTAGAGGGTTCTTGCATCGTTCGACTGAGTTTGTTTCATGTAGTACGAGCGCAAA	seq13237	146.026576978108	16.8005828956041	1	3	42						87						7	0	78
CATTCCGATACTACATTGTTGGCAATGCGTTCGCATGTCGCATGTGAAACGTTGCTATTCCAGCGGGATGTTTTATCTAAACACGAATACGCCCATATTCGTCAGGCCACATGGCTTTCTTAGAGGGTTCTTGCATCGTTCGACTGAGTTTGTTTCATGTAGTACGAGCGCAAA	seq13238	43.555546799153	3.94679848117344	1	3	43						87						7	0	87
CATTCCGATACTACATTGTTGGCAATGCGTTCGCATGTCGCATGTGAAACGTTGCTATTCCAGCGGGATGTTTTATCTAAACACGAGAACGCCCATATTCGTCAGGCCACATGGCTTTCTTAGAGGGTTCTTGCATCGTTCGACTGAGTTTGTTTCATGTAGTACGAGCGCAAA	seq13239	241.716234575278	52.1913927005078	1	3	44						87						7	0	102
CATTCCGATACTACATTGTTGGCAATGCGTTCGCATGTCGCATGTGAAACGTTGCTATTCCAGCGGGATGTTTTATCTAAACACGAGGACGCCCATATTCGTCAGGCCACATGGCTTTCTTAGAGGGTTCTTGCATCGTTCGACTGAGTTTGTTTCATGTAGTACGAGCGCAAA	seq13240	638.278490145321	57.5970419253551	1	3	45						87						7	0	109
CATTCCGATACTACATTGTTGGCAATGCGTTCGCATGTCGCATGTGAAACGTTGCTATTCCAGCGGGATGTTTTATCTAAACACGAGTACGCCCATATTCGTCAGGCCACATGGCTTTCTTAGAGGGTTCTTGCATCGTTCGACTGAGTTTGTTTCATGTAGTACGAGCGCAAA	seq13241	174.342188661093	21.8907198007922	1	3	46						87						7	0	81
CATTCCGATACTACATTGTTGGCAATGCGTTCGCATGTCGCATGTGAAACGTTGCTATTCCAGCGGGATGTTTTATCTAAACACGATAACGCCCATATTCGTCAGGCCACATGGCTTTCTTAGAGGGTTCTTGCATCGTTCGACTGAGTTTGTTTCATGTAGTACGAGCGCAAA	seq13242	74.1532679890957	9.45764026222385	1	3	47						87						7	0	96
CATTCCGATACTACATTGTTGGCAATGCGTTCGCATGTCGCATGTGAAACGTTGCTATTCCAGCGGGATGTTTTATCTAAACACGATGACGCCCATATTCGTCAGGCCACATGGCTTTCTTAGAGGGTTCTTGCATCGTTCGACTGAGTTTGTTTCATGTAGTACGAGCGCAAA	seq13243	109.20745841804	15.6556365525361	1	3	48						87						7	0	86
CATTCCGATACTACATTGTTGGCAATGCGTTCGCATGTCGCATGTGAAACGTTGCTATTCCAGCGGGATGTTTTATCTAAACACGATTACGCCCATATTCGTCAGGCCACATGGCTTTCTTAGAGGGTTCTTGCATCGTTCGACTGAGTTTGTTTCATGTAGTACGAGCGCAAA	seq13244	193.889227108903	27.8867148376727	1	3	49						87						7	0	93
CATTCCGATACTACATTGTTGGCAATGCGTTCGCATGTCGCATGTGAAACGTTGCTATTCCAGCGGGATGTTTTATCTAAACACGAACCCGCCCATATTCGTCAGGCCACATGGCTTTCTTAGAGGGTTCTTGCATCGTTCGACTGAGTTTGTTTCATGTAGTACGAGCGCAAA	seq13245	207.608241154482	25.5690342352665	1	3	50						87						7	0	67
CATTCCGATACTACATTGTTGGCAATGCGTTCGCATGTCGCATGTGAAACGTTGCTATTCCAGCGGGATGTTTTATCTAAACACGAACGCGCCCATATTCGTCAGGCCACATGGCTTTCTTAGAGGGTTCTTGCATCGTTCGACTGAGTTTGTTTCATGTAGTACGAGCGCAAA	seq13246	1367.76573774184	136.801525081894	1	3	51						87						7	0	82
CATTCCGATACTACATTGTTGGCAATGCGTTCGCATGTCGCATGTGAAACGTTGCTATTCCAGCGGGATGTTTTATCTAAACACGAACTCGCCCATATTCGTCAGGCCACATGGCTTTCTTAGAGGGTTCTTGCATCGTTCGACTGAGTTTGTTTCATGTAGTACGAGCGCAAA	seq13247	1145.36284940883	141.554452181018	1	3	52						87						7	0	98
CATTCCGATACTACATTGTTGGCAATGCGTTCGCATGTCGCATGTGAAACGTTGCTATTCCAGCGGGATGTTTTATCTAAACACGAGCCCGCCCATATTCGTCAGGCCACATGGCTTTCTTAGAGGGTTCTTGCATCGTTCGACTGAGTTTGTTTCATGTAGTACGAGCGCAAA	seq13248	419.211351814722	53.8770944198736	1	3	53						87						7	0	97
CATTCCGATACTACATTGTTGGCAATGCGTTCGCATGTCGCATGTGAAACGTTGCTATTCCAGCGGGATGTTTTATCTAAACACGAGCGCGCCCATATTCGTCAGGCCACATGGCTTTCTTAGAGGGTTCTTGCATCGTTCGACTGAGTTTGTTTCATGTAGTACGAGCGCAAA	seq13249	938.134159213181	93.0915111585094	1	3	54						87						7	0	64
CATTCCGATACTACATTGTTGGCAATGCGTTCGCATGTCGCATGTGAAACGTTGCTATTCCAGCGGGATGTTTTATCTAAACACGAGCTCGCCCATATTCGTCAGGCCACATGGCTTTCTTAGAGGGTTCTTGCATCGTTCGACTGAGTTTGTTTCATGTAGTACGAGCGCAAA	seq13250	1828.21821402131	241.608053955786	1	3	55						87						7	0	84
CATTCCGATACTACATTGTTGGCAATGCGTTCGCATGTCGCATGTGAAACGTTGCTATTCCAGCGGGATGTTTTATCTAAACACGATCCCGCCCATATTCGTCAGGCCACATGGCTTTCTTAGAGGGTTCTTGCATCGTTCGACTGAGTTTGTTTCATGTAGTACGAGCGCAAA	seq13251	174.1350655572	25.3715604738674	1	3	56						87						7	0	102
CATTCCGATACTACATTGTTGGCAATGCGTTCGCATGTCGCATGTGAAACGTTGCTATTCCAGCGGGATGTTTTATCTAAACACGATCGCGCCCATATTCGTCAGGCCACATGGCTTTCTTAGAGGGTTCTTGCATCGTTCGACTGAGTTTGTTTCATGTAGTACGAGCGCAAA	seq13252	3279.04464624817	414.376414215325	1	3	57						87						7	0	76
CATTCCGATACTACATTGTTGGCAATGCGTTCGCATGTCGCATGTGAAACGTTGCTATTCCAGCGGGATGTTTTATCTAAACACGATCTCGCCCATATTCGTCAGGCCACATGGCTTTCTTAGAGGGTTCTTGCATCGTTCGACTGAGTTTGTTTCATGTAGTACGAGCGCAAA	seq13253	1741.37194263809	170.787121884794	1	3	58						87						7	0	99
CATTCCGATACTACATTGTTGGCAATGCGTTCGCATGTCGCATGTGAAACGTTGCTATTCCAGCGGGATGTTTTATCTAAACACGAACAAGCCCATATTCGTCAGGCCACATGGCTTTCTTAGAGGGTTCTTGCATCGTTCGACTGAGTTTGTTTCATGTAGTACGAGCGCAAA	seq13254	30756.0208005671	15160.421434416	1	3	59						87						7	0	78
CATTCCGATACTACATTGTTGGCAATGCGTTCGCATGTCGCATGTGAAACGTTGCTATTCCAGCGGGATGTTTTATCTAAACACGAACAGGCCCATATTCGTCAGGCCACATGGCTTTCTTAGAGGGTTCTTGCATCGTTCGACTGAGTTTGTTTCATGTAGTACGAGCGCAAA	seq13255	6284.26140739478	911.642391711618	1	3	60						87						7	0	72
CATTCCGATACTACATTGTTGGCAATGCGTTCGCATGTCGCATGTGAAACGTTGCTATTCCAGCGGGATGTTTTATCTAAACACGAACATGCCCATATTCGTCAGGCCACATGGCTTTCTTAGAGGGTTCTTGCATCGTTCGACTGAGTTTGTTTCATGTAGTACGAGCGCAAA	seq13256	4200.02668606793	866.958658608268	1	3	61						87						7	0	75
CATTCCGATACTACATTGTTGGCAATGCGTTCGCATGTCGCATGTGAAACGTTGCTATTCCAGCGGGATGTTTTATCTAAACACGAGCAAGCCCATATTCGTCAGGCCACATGGCTTTCTTAGAGGGTTCTTGCATCGTTCGACTGAGTTTGTTTCATGTAGTACGAGCGCAAA	seq13257	15325.5776457961	9095.83937628015	1	3	62						87						7	0	77
CATTCCGATACTACATTGTTGGCAATGCGTTCGCATGTCGCATGTGAAACGTTGCTATTCCAGCGGGATGTTTTATCTAAACACGAGCAGGCCCATATTCGTCAGGCCACATGGCTTTCTTAGAGGGTTCTTGCATCGTTCGACTGAGTTTGTTTCATGTAGTACGAGCGCAAA	seq13258	9891.9080030048	4195.80659457223	1	3	63						87						7	0	77
CATTCCGATACTACATTGTTGGCAATGCGTTCGCATGTCGCATGTGAAACGTTGCTATTCCAGCGGGATGTTTTATCTAAACACGAGCATGCCCATATTCGTCAGGCCACATGGCTTTCTTAGAGGGTTCTTGCATCGTTCGACTGAGTTTGTTTCATGTAGTACGAGCGCAAA	seq13259	49058.026339486	13008.9075889372	1	3	64						87						7	0	68
CATTCCGATACTACATTGTTGGCAATGCGTTCGCATGTCGCATGTGAAACGTTGCTATTCCAGCGGGATGTTTTATCTAAACACGATCAAGCCCATATTCGTCAGGCCACATGGCTTTCTTAGAGGGTTCTTGCATCGTTCGACTGAGTTTGTTTCATGTAGTACGAGCGCAAA	seq13260	9110.32942647936	3124.14777302171	1	3	65						87						7	0	82
CATTCCGATACTACATTGTTGGCAATGCGTTCGCATGTCGCATGTGAAACGTTGCTATTCCAGCGGGATGTTTTATCTAAACACGATCAGGCCCATATTCGTCAGGCCACATGGCTTTCTTAGAGGGTTCTTGCATCGTTCGACTGAGTTTGTTTCATGTAGTACGAGCGCAAA	seq13261	16851.5094943308	8735.43425901243	1	3	66						87						7	0	88
CATTCCGATACTACATTGTTGGCAATGCGTTCGCATGTCGCATGTGAAACGTTGCTATTCCAGCGGGATGTTTTATCTAAACACGATCATGCCCATATTCGTCAGGCCACATGGCTTTCTTAGAGGGTTCTTGCATCGTTCGACTGAGTTTGTTTCATGTAGTACGAGCGCAAA	seq13262	49058.026339486	1646.69212824169	1	3	67						87						7	0	118
CATTCCGATACTACATTGTTGGCAATGCGTTCGCATGTCGCATGTGAAACGTTGCTATTCCAGCGGGATGTTTTATCTAAACACGAACACACCCATATTCGTCAGGCCACATGGCTTTCTTAGAGGGTTCTTGCATCGTTCGACTGAGTTTGTTTCATGTAGTACGAGCGCAAA	seq13263	96.8818227216411	14.5077806643617	1	3	68						87						7	0	105
CATTCCGATACTACATTGTTGGCAATGCGTTCGCATGTCGCATGTGAAACGTTGCTATTCCAGCGGGATGTTTTATCTAAACACGAACACCCCCATATTCGTCAGGCCACATGGCTTTCTTAGAGGGTTCTTGCATCGTTCGACTGAGTTTGTTTCATGTAGTACGAGCGCAAA	seq13264	23476.1195622247	15503.2778636339	1	3	69						87						7	0	92
CATTCCGATACTACATTGTTGGCAATGCGTTCGCATGTCGCATGTGAAACGTTGCTATTCCAGCGGGATGTTTTATCTAAACACGAACACTCCCATATTCGTCAGGCCACATGGCTTTCTTAGAGGGTTCTTGCATCGTTCGACTGAGTTTGTTTCATGTAGTACGAGCGCAAA	seq13265	752.505781093167	88.7041266516494	1	3	70						87						7	0	105
CATTCCGATACTACATTGTTGGCAATGCGTTCGCATGTCGCATGTGAAACGTTGCTATTCCAGCGGGATGTTTTATCTAAACACGAGCACACCCATATTCGTCAGGCCACATGGCTTTCTTAGAGGGTTCTTGCATCGTTCGACTGAGTTTGTTTCATGTAGTACGAGCGCAAA	seq13266	516.832351524835	51.8964466509692	1	3	71						87						7	0	95
CATTCCGATACTACATTGTTGGCAATGCGTTCGCATGTCGCATGTGAAACGTTGCTATTCCAGCGGGATGTTTTATCTAAACACGAGCACCCCCATATTCGTCAGGCCACATGGCTTTCTTAGAGGGTTCTTGCATCGTTCGACTGAGTTTGTTTCATGTAGTACGAGCGCAAA	seq13267	49058.026339486	9264.56004969868	1	3	72						87						7	0	91
CATTCCGATACTACATTGTTGGCAATGCGTTCGCATGTCGCATGTGAAACGTTGCTATTCCAGCGGGATGTTTTATCTAAACACGAGCACTCCCATATTCGTCAGGCCACATGGCTTTCTTAGAGGGTTCTTGCATCGTTCGACTGAGTTTGTTTCATGTAGTACGAGCGCAAA	seq13268	2506.44890883742	297.186065342465	1	3	73						87						7	0	86
CATTCCGATACTACATTGTTGGCAATGCGTTCGCATGTCGCATGTGAAACGTTGCTATTCCAGCGGGATGTTTTATCTAAACACGATCACACCCATATTCGTCAGGCCACATGGCTTTCTTAGAGGGTTCTTGCATCGTTCGACTGAGTTTGTTTCATGTAGTACGAGCGCAAA	seq13269	179.159727975754	19.9031428897335	1	3	74						87						7	0	94
CATTCCGATACTACATTGTTGGCAATGCGTTCGCATGTCGCATGTGAAACGTTGCTATTCCAGCGGGATGTTTTATCTAAACACGATCACCCCCATATTCGTCAGGCCACATGGCTTTCTTAGAGGGTTCTTGCATCGTTCGACTGAGTTTGTTTCATGTAGTACGAGCGCAAA	seq13270	10919.3674921643	3952.28656693262	1	3	75						87						7	0	93
CATTCCGATACTACATTGTTGGCAATGCGTTCGCATGTCGCATGTGAAACGTTGCTATTCCAGCGGGATGTTTTATCTAAACACGATCACTCCCATATTCGTCAGGCCACATGGCTTTCTTAGAGGGTTCTTGCATCGTTCGACTGAGTTTGTTTCATGTAGTACGAGCGCAAA	seq13271	1600.27793376386	195.614608748631	1	3	76						87						7	0	84
CATTCCGATACTACATTGTTGGCAATGCGTTCGCATGTCGCATGTGAAACGTTGCTATTCCAGCGGGATGTTTTATCTAAACACGAACACGACCATATTCGTCAGGCCACATGGCTTTCTTAGAGGGTTCTTGCATCGTTCGACTGAGTTTGTTTCATGTAGTACGAGCGCAAA	seq13272	33375.8201358386	14471.881231658	1	3	77						87						7	0	87
CATTCCGATACTACATTGTTGGCAATGCGTTCGCATGTCGCATGTGAAACGTTGCTATTCCAGCGGGATGTTTTATCTAAACACGAACACGGCCATATTCGTCAGGCCACATGGCTTTCTTAGAGGGTTCTTGCATCGTTCGACTGAGTTTGTTTCATGTAGTACGAGCGCAAA	seq13273	49058.026339486	2559.97453404883	1	3	78						87						7	0	91
CATTCCGATACTACATTGTTGGCAATGCGTTCGCATGTCGCATGTGAAACGTTGCTATTCCAGCGGGATGTTTTATCTAAACACGAACACGTCCATATTCGTCAGGCCACATGGCTTTCTTAGAGGGTTCTTGCATCGTTCGACTGAGTTTGTTTCATGTAGTACGAGCGCAAA	seq13274	49058.026339486	9069.2427735213	1	3	79						87						7	0	72
CATTCCGATACTACATTGTTGGCAATGCGTTCGCATGTCGCATGTGAAACGTTGCTATTCCAGCGGGATGTTTTATCTAAACACGAGCACGACCATATTCGTCAGGCCACATGGCTTTCTTAGAGGGTTCTTGCATCGTTCGACTGAGTTTGTTTCATGTAGTACGAGCGCAAA	seq13275	46690.4413919626	14244.8273639926	1	3	80						87						7	0	91
CATTCCGATACTACATTGTTGGCAATGCGTTCGCATGTCGCATGTGAAACGTTGCTATTCCAGCGGGATGTTTTATCTAAACACGAGCACGGCCATATTCGTCAGGCCACATGGCTTTCTTAGAGGGTTCTTGCATCGTTCGACTGAGTTTGTTTCATGTAGTACGAGCGCAAA	seq13276	49058.026339486	9140.41157312871	1	3	81						87						7	0	73
CATTCCGATACTACATTGTTGGCAATGCGTTCGCATGTCGCATGTGAAACGTTGCTATTCCAGCGGGATGTTTTATCTAAACACGAGCACGTCCATATTCGTCAGGCCACATGGCTTTCTTAGAGGGTTCTTGCATCGTTCGACTGAGTTTGTTTCATGTAGTACGAGCGCAAA	seq13277	21248.5306406843	14480.9915335882	1	3	82						87						7	0	92
CATTCCGATACTACATTGTTGGCAATGCGTTCGCATGTCGCATGTGAAACGTTGCTATTCCAGCGGGATGTTTTATCTAAACACGATCACGACCATATTCGTCAGGCCACATGGCTTTCTTAGAGGGTTCTTGCATCGTTCGACTGAGTTTGTTTCATGTAGTACGAGCGCAAA	seq13278	11972.6498096914	6609.6783291479	1	3	83						87						7	0	69
CATTCCGATACTACATTGTTGGCAATGCGTTCGCATGTCGCATGTGAAACGTTGCTATTCCAGCGGGATGTTTTATCTAAACACGATCACGGCCATATTCGTCAGGCCACATGGCTTTCTTAGAGGGTTCTTGCATCGTTCGACTGAGTTTGTTTCATGTAGTACGAGCGCAAA	seq13279	10796.0071446691	4421.58253732406	1	3	84						87						7	0	87
CATTCCGATACTACATTGTTGGCAATGCGTTCGCATGTCGCATGTGAAACGTTGCTATTCCAGCGGGATGTTTTATCTAAACACGATCACGTCCATATTCGTCAGGCCACATGGCTTTCTTAGAGGGTTCTTGCATCGTTCGACTGAGTTTGTTTCATGTAGTACGAGCGCAAA	seq13280	49058.026339486	2584.42260491086	1	3	85						87						7	0	55
CATTCCGATACTACATTGTTGGCAATGCGTTCGCATGTCGCATGTGAAACGTTGCTATTCCAGCGGGATGTTTTATCTAAACACGAACACGCACATATTCGTCAGGCCACATGGCTTTCTTAGAGGGTTCTTGCATCGTTCGACTGAGTTTGTTTCATGTAGTACGAGCGCAAA	seq13281	49058.026339486	11616.1690424648	1	3	86						87						7	0	70
CATTCCGATACTACATTGTTGGCAATGCGTTCGCATGTCGCATGTGAAACGTTGCTATTCCAGCGGGATGTTTTATCTAAACACGAACACGCGCATATTCGTCAGGCCACATGGCTTTCTTAGAGGGTTCTTGCATCGTTCGACTGAGTTTGTTTCATGTAGTACGAGCGCAAA	seq13282	49058.026339486	1841.56836951103	1	3	87						87						7	0	72
CATTCCGATACTACATTGTTGGCAATGCGTTCGCATGTCGCATGTGAAACGTTGCTATTCCAGCGGGATGTTTTATCTAAACACGAACACGCTCATATTCGTCAGGCCACATGGCTTTCTTAGAGGGTTCTTGCATCGTTCGACTGAGTTTGTTTCATGTAGTACGAGCGCAAA	seq13283	28558.8790742367	14973.7103242299	1	3	88						87						7	0	108
CATTCCGATACTACATTGTTGGCAATGCGTTCGCATGTCGCATGTGAAACGTTGCTATTCCAGCGGGATGTTTTATCTAAACACGAGCACGCACATATTCGTCAGGCCACATGGCTTTCTTAGAGGGTTCTTGCATCGTTCGACTGAGTTTGTTTCATGTAGTACGAGCGCAAA	seq13284	49058.026339486	2396.17028863324	1	3	89						87						7	0	87
CATTCCGATACTACATTGTTGGCAATGCGTTCGCATGTCGCATGTGAAACGTTGCTATTCCAGCGGGATGTTTTATCTAAACACGAGCACGCGCATATTCGTCAGGCCACATGGCTTTCTTAGAGGGTTCTTGCATCGTTCGACTGAGTTTGTTTCATGTAGTACGAGCGCAAA	seq13285	49058.026339486	1675.73690820326	1	3	90						87						7	0	58
CATTCCGATACTACATTGTTGGCAATGCGTTCGCATGTCGCATGTGAAACGTTGCTATTCCAGCGGGATGTTTTATCTAAACACGAGCACGCTCATATTCGTCAGGCCACATGGCTTTCTTAGAGGGTTCTTGCATCGTTCGACTGAGTTTGTTTCATGTAGTACGAGCGCAAA	seq13286	17176.853587373	4670.39296265611	1	3	91						87						7	0	71
CATTCCGATACTACATTGTTGGCAATGCGTTCGCATGTCGCATGTGAAACGTTGCTATTCCAGCGGGATGTTTTATCTAAACACGATCACGCACATATTCGTCAGGCCACATGGCTTTCTTAGAGGGTTCTTGCATCGTTCGACTGAGTTTGTTTCATGTAGTACGAGCGCAAA	seq13287	34020.4007726378	15694.3150026539	1	3	92						87						7	0	92
CATTCCGATACTACATTGTTGGCAATGCGTTCGCATGTCGCATGTGAAACGTTGCTATTCCAGCGGGATGTTTTATCTAAACACGATCACGCGCATATTCGTCAGGCCACATGGCTTTCTTAGAGGGTTCTTGCATCGTTCGACTGAGTTTGTTTCATGTAGTACGAGCGCAAA	seq13288	6642.05440534249	1277.58932787897	1	3	93						87						7	0	80
CATTCCGATACTACATTGTTGGCAATGCGTTCGCATGTCGCATGTGAAACGTTGCTATTCCAGCGGGATGTTTTATCTAAACACGATCACGCTCATATTCGTCAGGCCACATGGCTTTCTTAGAGGGTTCTTGCATCGTTCGACTGAGTTTGTTTCATGTAGTACGAGCGCAAA	seq13289	13047.7446008562	5573.58751784064	1	3	94						87						7	0	78
CATTCCGATACTACATTGTTGGCAATGCGTTCGCATGTCGCATGTGAAACGTTGCTATTCCAGCGGGATGTTTTATCTAAACACGAACACGCCAATATTCGTCAGGCCACATGGCTTTCTTAGAGGGTTCTTGCATCGTTCGACTGAGTTTGTTTCATGTAGTACGAGCGCAAA	seq13290	9257.22750876219	3308.2840662925	1	3	95						87						7	0	85
CATTCCGATACTACATTGTTGGCAATGCGTTCGCATGTCGCATGTGAAACGTTGCTATTCCAGCGGGATGTTTTATCTAAACACGAACACGCCGATATTCGTCAGGCCACATGGCTTTCTTAGAGGGTTCTTGCATCGTTCGACTGAGTTTGTTTCATGTAGTACGAGCGCAAA	seq13291	12265.6914014279	4466.87579769915	1	3	96						87						7	0	71
CATTCCGATACTACATTGTTGGCAATGCGTTCGCATGTCGCATGTGAAACGTTGCTATTCCAGCGGGATGTTTTATCTAAACACGAACACGCCTATATTCGTCAGGCCACATGGCTTTCTTAGAGGGTTCTTGCATCGTTCGACTGAGTTTGTTTCATGTAGTACGAGCGCAAA	seq13292	209.25818411458	30.4277293091782	1	3	97						87						7	0	92
CATTCCGATACTACATTGTTGGCAATGCGTTCGCATGTCGCATGTGAAACGTTGCTATTCCAGCGGGATGTTTTATCTAAACACGAGCACGCCAATATTCGTCAGGCCACATGGCTTTCTTAGAGGGTTCTTGCATCGTTCGACTGAGTTTGTTTCATGTAGTACGAGCGCAAA	seq13293	49058.026339486	1799.96003007653	1	3	98						87						7	0	62
CATTCCGATACTACATTGTTGGCAATGCGTTCGCATGTCGCATGTGAAACGTTGCTATTCCAGCGGGATGTTTTATCTAAACACGAGCACGCCGATATTCGTCAGGCCACATGGCTTTCTTAGAGGGTTCTTGCATCGTTCGACTGAGTTTGTTTCATGTAGTACGAGCGCAAA	seq13294	49058.026339486	1797.75457317416	1	3	99						87						7	0	64
CATTCCGATACTACATTGTTGGCAATGCGTTCGCATGTCGCATGTGAAACGTTGCTATTCCAGCGGGATGTTTTATCTAAACACGAGCACGCCTATATTCGTCAGGCCACATGGCTTTCTTAGAGGGTTCTTGCATCGTTCGACTGAGTTTGTTTCATGTAGTACGAGCGCAAA	seq13295	989.731861809766	76.8576051446361	1	3	100						87						7	0	106
CATTCCGATACTACATTGTTGGCAATGCGTTCGCATGTCGCATGTGAAACGTTGCTATTCCAGCGGGATGTTTTATCTAAACACGATCACGCCAATATTCGTCAGGCCACATGGCTTTCTTAGAGGGTTCTTGCATCGTTCGACTGAGTTTGTTTCATGTAGTACGAGCGCAAA	seq13296	49058.026339486	2013.58551036547	1	3	101						87						7	0	100
CATTCCGATACTACATTGTTGGCAATGCGTTCGCATGTCGCATGTGAAACGTTGCTATTCCAGCGGGATGTTTTATCTAAACACGATCACGCCGATATTCGTCAGGCCACATGGCTTTCTTAGAGGGTTCTTGCATCGTTCGACTGAGTTTGTTTCATGTAGTACGAGCGCAAA	seq13297	23111.4153848263	14982.3903010701	1	3	102						87						7	0	89
CATTCCGATACTACATTGTTGGCAATGCGTTCGCATGTCGCATGTGAAACGTTGCTATTCCAGCGGGATGTTTTATCTAAACACGATCACGCCTATATTCGTCAGGCCACATGGCTTTCTTAGAGGGTTCTTGCATCGTTCGACTGAGTTTGTTTCATGTAGTACGAGCGCAAA	seq13298	426.138492446827	38.4711097943242	1	3	103						87						7	0	114
CATTCCGATACTACATTGTTGGCAATGCGTTCGCATGTCGCATGTGAAACGTTGCTATTCCAGCGGGATGTTTTATCTAAACACGAACACGCCCCTATTCGTCAGGCCACATGGCTTTCTTAGAGGGTTCTTGCATCGTTCGACTGAGTTTGTTTCATGTAGTACGAGCGCAAA	seq13299	169.192496597838	24.254301362606	1	3	104						87						7	0	79
CATTCCGATACTACATTGTTGGCAATGCGTTCGCATGTCGCATGTGAAACGTTGCTATTCCAGCGGGATGTTTTATCTAAACACGAACACGCCCGTATTCGTCAGGCCACATGGCTTTCTTAGAGGGTTCTTGCATCGTTCGACTGAGTTTGTTTCATGTAGTACGAGCGCAAA	seq13300	387.517396320389	37.3044771113219	1	3	105						87						7	0	77
CATTCCGATACTACATTGTTGGCAATGCGTTCGCATGTCGCATGTGAAACGTTGCTATTCCAGCGGGATGTTTTATCTAAACACGAACACGCCCTTATTCGTCAGGCCACATGGCTTTCTTAGAGGGTTCTTGCATCGTTCGACTGAGTTTGTTTCATGTAGTACGAGCGCAAA	seq13301	73.1190690038209	11.9036489305979	1	3	106						87						7	0	88
CATTCCGATACTACATTGTTGGCAATGCGTTCGCATGTCGCATGTGAAACGTTGCTATTCCAGCGGGATGTTTTATCTAAACACGAGCACGCCCCTATTCGTCAGGCCACATGGCTTTCTTAGAGGGTTCTTGCATCGTTCGACTGAGTTTGTTTCATGTAGTACGAGCGCAAA	seq13302	431.442911868083	35.213800982087	1	3	107						87						7	0	73
CATTCCGATACTACATTGTTGGCAATGCGTTCGCATGTCGCATGTGAAACGTTGCTATTCCAGCGGGATGTTTTATCTAAACACGAGCACGCCCGTATTCGTCAGGCCACATGGCTTTCTTAGAGGGTTCTTGCATCGTTCGACTGAGTTTGTTTCATGTAGTACGAGCGCAAA	seq13303	1175.19004929563	112.561408982178	1	3	108						87						7	0	68
CATTCCGATACTACATTGTTGGCAATGCGTTCGCATGTCGCATGTGAAACGTTGCTATTCCAGCGGGATGTTTTATCTAAACACGAGCACGCCCTTATTCGTCAGGCCACATGGCTTTCTTAGAGGGTTCTTGCATCGTTCGACTGAGTTTGTTTCATGTAGTACGAGCGCAAA	seq13304	262.398953830348	85.2166396673781	1	3	109						87						7	0	93
CATTCCGATACTACATTGTTGGCAATGCGTTCGCATGTCGCATGTGAAACGTTGCTATTCCAGCGGGATGTTTTATCTAAACACGATCACGCCCCTATTCGTCAGGCCACATGGCTTTCTTAGAGGGTTCTTGCATCGTTCGACTGAGTTTGTTTCATGTAGTACGAGCGCAAA	seq13305	316.692327374538	55.0016694290521	1	3	110						87						7	0	97
CATTCCGATACTACATTGTTGGCAATGCGTTCGCATGTCGCATGTGAAACGTTGCTATTCCAGCGGGATGTTTTATCTAAACACGATCACGCCCGTATTCGTCAGGCCACATGGCTTTCTTAGAGGGTTCTTGCATCGTTCGACTGAGTTTGTTTCATGTAGTACGAGCGCAAA	seq13306	813.066144329406	68.4929308498935	1	3	111						87						7	0	81
CATTCCGATACTACATTGTTGGCAATGCGTTCGCATGTCGCATGTGAAACGTTGCTATTCCAGCGGGATGTTTTATCTAAACACGATCACGCCCTTATTCGTCAGGCCACATGGCTTTCTTAGAGGGTTCTTGCATCGTTCGACTGAGTTTGTTTCATGTAGTACGAGCGCAAA	seq13307	101.886284248976	13.1335921006193	1	3	112						87						7	0	99
CATTCCGATACTACATTGTTGGCAATGCGTTCGCATGTCGCATGTGAAACGTTGCTATTCCAGCGGGATGTTTTATCTAAACACGACACCGCCCATATTCGTCAGGCCACATGGCTTTCTTAGAGGGTTCTTGCATCGTTCGACTGAGTTTGTTTCATGTAGTACGAGCGCAAA	seq13308	90.5924732240619	8.98909149478015	1	3	113						87						7	0	107
CATTCCGATACTACATTGTTGGCAATGCGTTCGCATGTCGCATGTGAAACGTTGCTATTCCAGCGGGATGTTTTATCTAAACACGACAGCGCCCATATTCGTCAGGCCACATGGCTTTCTTAGAGGGTTCTTGCATCGTTCGACTGAGTTTGTTTCATGTAGTACGAGCGCAAA	seq13309	631.787005379363	66.6720454475659	1	3	114						87						7	0	71
CATTCCGATACTACATTGTTGGCAATGCGTTCGCATGTCGCATGTGAAACGTTGCTATTCCAGCGGGATGTTTTATCTAAACACGACATCGCCCATATTCGTCAGGCCACATGGCTTTCTTAGAGGGTTCTTGCATCGTTCGACTGAGTTTGTTTCATGTAGTACGAGCGCAAA	seq13310	597.444817260882	94.6716549550836	1	3	115						87						7	0	55
CATTCCGATACTACATTGTTGGCAATGCGTTCGCATGTCGCATGTGAAACGTTGCTATTCCAGCGGGATGTTTTATCTAAACACGACGGCGCCCATATTCGTCAGGCCACATGGCTTTCTTAGAGGGTTCTTGCATCGTTCGACTGAGTTTGTTTCATGTAGTACGAGCGCAAA	seq13311	2831.82509094234	352.382204370472	1	3	116						87						7	0	83
CATTCCGATACTACATTGTTGGCAATGCGTTCGCATGTCGCATGTGAAACGTTGCTATTCCAGCGGGATGTTTTATCTAAACACGACGTCGCCCATATTCGTCAGGCCACATGGCTTTCTTAGAGGGTTCTTGCATCGTTCGACTGAGTTTGTTTCATGTAGTACGAGCGCAAA	seq13312	1230.31626502679	109.187409822377	1	3	117						87						7	0	81
CATTCCGATACTACATTGTTGGCAATGCGTTCGCATGTCGCATGTGAAACGTTGCTATTCCAGCGGGATGTTTTATCTAAACACGACTCCGCCCATATTCGTCAGGCCACATGGCTTTCTTAGAGGGTTCTTGCATCGTTCGACTGAGTTTGTTTCATGTAGTACGAGCGCAAA	seq13313	77.4705331644369	10.7015163884988	1	3	118						87						7	0	91
CATTCCGATACTACATTGTTGGCAATGCGTTCGCATGTCGCATGTGAAACGTTGCTATTCCAGCGGGATGTTTTATCTAAACACGACTGCGCCCATATTCGTCAGGCCACATGGCTTTCTTAGAGGGTTCTTGCATCGTTCGACTGAGTTTGTTTCATGTAGTACGAGCGCAAA	seq13314	443.532367100286	43.0372356353485	1	3	119						87						7	0	116
CATTCCGATACTACATTGTTGGCAATGCGTTCGCATGTCGCATGTGAAACGTTGCTATTCCAGCGGGATGTTTTATCTAAACACGACTTCGCCCATATTCGTCAGGCCACATGGCTTTCTTAGAGGGTTCTTGCATCGTTCGACTGAGTTTGTTTCATGTAGTACGAGCGCAAA	seq13315	642.664626767892	78.6165685910134	1	3	120						87						7	0	85
CATTCCGATACTACATTGTTGGCAATGCGTTCGCATGTCGCATGTGAAACGTTGCTATTCCAGCGGGATGTTTTATCTAAACACGACAAAGCCCATATTCGTCAGGCCACATGGCTTTCTTAGAGGGTTCTTGCATCGTTCGACTGAGTTTGTTTCATGTAGTACGAGCGCAAA	seq13316	13596.4915623228	6453.68456039862	1	3	121						87						7	0	95
CATTCCGATACTACATTGTTGGCAATGCGTTCGCATGTCGCATGTGAAACGTTGCTATTCCAGCGGGATGTTTTATCTAAACACGACAAGGCCCATATTCGTCAGGCCACATGGCTTTCTTAGAGGGTTCTTGCATCGTTCGACTGAGTTTGTTTCATGTAGTACGAGCGCAAA	seq13317	49058.026339486	2890.51818013696	1	3	122						87						7	0	91
CATTCCGATACTACATTGTTGGCAATGCGTTCGCATGTCGCATGTGAAACGTTGCTATTCCAGCGGGATGTTTTATCTAAACACGACAATGCCCATATTCGTCAGGCCACATGGCTTTCTTAGAGGGTTCTTGCATCGTTCGACTGAGTTTGTTTCATGTAGTACGAGCGCAAA	seq13318	49058.026339486	16942.8200792435	1	3	123						87						7	0	60
CATTCCGATACTACATTGTTGGCAATGCGTTCGCATGTCGCATGTGAAACGTTGCTATTCCAGCGGGATGTTTTATCTAAACACGACGAAGCCCATATTCGTCAGGCCACATGGCTTTCTTAGAGGGTTCTTGCATCGTTCGACTGAGTTTGTTTCATGTAGTACGAGCGCAAA	seq13319	49058.026339486	12871.8830686376	1	3	124						87						7	0	70
CATTCCGATACTACATTGTTGGCAATGCGTTCGCATGTCGCATGTGAAACGTTGCTATTCCAGCGGGATGTTTTATCTAAACACGACGAGGCCCATATTCGTCAGGCCACATGGCTTTCTTAGAGGGTTCTTGCATCGTTCGACTGAGTTTGTTTCATGTAGTACGAGCGCAAA	seq13320	49058.026339486	13862.4901307823	1	3	125						87						7	0	74
CATTCCGATACTACATTGTTGGCAATGCGTTCGCATGTCGCATGTGAAACGTTGCTATTCCAGCGGGATGTTTTATCTAAACACGACGATGCCCATATTCGTCAGGCCACATGGCTTTCTTAGAGGGTTCTTGCATCGTTCGACTGAGTTTGTTTCATGTAGTACGAGCGCAAA	seq13321	14285.3537265871	5784.84395527901	1	3	126						87						7	0	95
CATTCCGATACTACATTGTTGGCAATGCGTTCGCATGTCGCATGTGAAACGTTGCTATTCCAGCGGGATGTTTTATCTAAACACGACTAAGCCCATATTCGTCAGGCCACATGGCTTTCTTAGAGGGTTCTTGCATCGTTCGACTGAGTTTGTTTCATGTAGTACGAGCGCAAA	seq13322	29046.8407452693	14627.3884711608	1	3	127						87						7	0	115
CATTCCGATACTACATTGTTGGCAATGCGTTCGCATGTCGCATGTGAAACGTTGCTATTCCAGCGGGATGTTTTATCTAAACACGACTAGGCCCATATTCGTCAGGCCACATGGCTTTCTTAGAGGGTTCTTGCATCGTTCGACTGAGTTTGTTTCATGTAGTACGAGCGCAAA	seq13323	14932.5810020251	8768.20883246422	1	3	128						87						7	0	108
CATTCCGATACTACATTGTTGGCAATGCGTTCGCATGTCGCATGTGAAACGTTGCTATTCCAGCGGGATGTTTTATCTAAACACGACTATGCCCATATTCGTCAGGCCACATGGCTTTCTTAGAGGGTTCTTGCATCGTTCGACTGAGTTTGTTTCATGTAGTACGAGCGCAAA	seq13324	12307.1924400892	4598.37984513187	1	3	129						87						7	0	94
CATTCCGATACTACATTGTTGGCAATGCGTTCGCATGTCGCATGTGAAACGTTGCTATTCCAGCGGGATGTTTTATCTAAACACGACAACACCCATATTCGTCAGGCCACATGGCTTTCTTAGAGGGTTCTTGCATCGTTCGACTGAGTTTGTTTCATGTAGTACGAGCGCAAA	seq13325	157.652159020124	25.990215287646	1	3	130						87						7	0	81
CATTCCGATACTACATTGTTGGCAATGCGTTCGCATGTCGCATGTGAAACGTTGCTATTCCAGCGGGATGTTTTATCTAAACACGACAACCCCCATATTCGTCAGGCCACATGGCTTTCTTAGAGGGTTCTTGCATCGTTCGACTGAGTTTGTTTCATGTAGTACGAGCGCAAA	seq13326	10313.9034814317	3475.22418135584	1	3	131						87						7	0	90
CATTCCGATACTACATTGTTGGCAATGCGTTCGCATGTCGCATGTGAAACGTTGCTATTCCAGCGGGATGTTTTATCTAAACACGACAACTCCCATATTCGTCAGGCCACATGGCTTTCTTAGAGGGTTCTTGCATCGTTCGACTGAGTTTGTTTCATGTAGTACGAGCGCAAA	seq13327	437.005199498878	47.2867369775284	1	3	132						87						7	0	87
CATTCCGATACTACATTGTTGGCAATGCGTTCGCATGTCGCATGTGAAACGTTGCTATTCCAGCGGGATGTTTTATCTAAACACGACGACACCCATATTCGTCAGGCCACATGGCTTTCTTAGAGGGTTCTTGCATCGTTCGACTGAGTTTGTTTCATGTAGTACGAGCGCAAA	seq13328	543.433149281616	51.6573838914887	1	3	133						87						7	0	81
CATTCCGATACTACATTGTTGGCAATGCGTTCGCATGTCGCATGTGAAACGTTGCTATTCCAGCGGGATGTTTTATCTAAACACGACGACCCCCATATTCGTCAGGCCACATGGCTTTCTTAGAGGGTTCTTGCATCGTTCGACTGAGTTTGTTTCATGTAGTACGAGCGCAAA	seq13329	3569.37873740374	292.523793834471	1	3	134						87						7	0	74
CATTCCGATACTACATTGTTGGCAATGCGTTCGCATGTCGCATGTGAAACGTTGCTATTCCAGCGGGATGTTTTATCTAAACACGACGACTCCCATATTCGTCAGGCCACATGGCTTTCTTAGAGGGTTCTTGCATCGTTCGACTGAGTTTGTTTCATGTAGTACGAGCGCAAA	seq13330	1509.27643544195	217.708105255709	1	3	135						87						7	0	94
CATTCCGATACTACATTGTTGGCAATGCGTTCGCATGTCGCATGTGAAACGTTGCTATTCCAGCGGGATGTTTTATCTAAACACGACTACACCCATATTCGTCAGGCCACATGGCTTTCTTAGAGGGTTCTTGCATCGTTCGACTGAGTTTGTTTCATGTAGTACGAGCGCAAA	seq13331	162.655729714917	23.7073139871533	1	3	136						87						7	0	84
CATTCCGATACTACATTGTTGGCAATGCGTTCGCATGTCGCATGTGAAACGTTGCTATTCCAGCGGGATGTTTTATCTAAACACGACTACCCCCATATTCGTCAGGCCACATGGCTTTCTTAGAGGGTTCTTGCATCGTTCGACTGAGTTTGTTTCATGTAGTACGAGCGCAAA	seq13332	7343.33163622357	1514.29376548758	1	3	137						87						7	0	107
CATTCCGATACTACATTGTTGGCAATGCGTTCGCATGTCGCATGTGAAACGTTGCTATTCCAGCGGGATGTTTTATCTAAACACGACTACTCCCATATTCGTCAGGCCACATGGCTTTCTTAGAGGGTTCTTGCATCGTTCGACTGAGTTTGTTTCATGTAGTACGAGCGCAAA	seq13333	472.717133096873	34.7658185983565	1	3	138						87						7	0	111
CATTCCGATACTACATTGTTGGCAATGCGTTCGCATGTCGCATGTGAAACGTTGCTATTCCAGCGGGATGTTTTATCTAAACACGACAACGACCATATTCGTCAGGCCACATGGCTTTCTTAGAGGGTTCTTGCATCGTTCGACTGAGTTTGTTTCATGTAGTACGAGCGCAAA	seq13334	49058.026339486	2617.05861795876	1	3	139						87						7	0	75
CATTCCGATACTACATTGTTGGCAATGCGTTCGCATGTCGCATGTGAAACGTTGCTATTCCAGCGGGATGTTTTATCTAAACACGACAACGGCCATATTCGTCAGGCCACATGGCTTTCTTAGAGGGTTCTTGCATCGTTCGACTGAGTTTGTTTCATGTAGTACGAGCGCAAA	seq13335	49058.026339486	12128.1382808964	1	3	140						87						7	0	81
CATTCCGATACTACATTGTTGGCAATGCGTTCGCATGTCGCATGTGAAACGTTGCTATTCCAGCGGGATGTTTTATCTAAACACGACAACGTCCATATTCGTCAGGCCACATGGCTTTCTTAGAGGGTTCTTGCATCGTTCGACTGAGTTTGTTTCATGTAGTACGAGCGCAAA	seq13336	19075.1583520964	9850.70486102973	1	3	141						87						7	0	78
CATTCCGATACTACATTGTTGGCAATGCGTTCGCATGTCGCATGTGAAACGTTGCTATTCCAGCGGGATGTTTTATCTAAACACGACGACGACCATATTCGTCAGGCCACATGGCTTTCTTAGAGGGTTCTTGCATCGTTCGACTGAGTTTGTTTCATGTAGTACGAGCGCAAA	seq13337	8756.47622746658	3336.87760456866	1	3	142						87						7	0	96
CATTCCGATACTACATTGTTGGCAATGCGTTCGCATGTCGCATGTGAAACGTTGCTATTCCAGCGGGATGTTTTATCTAAACACGACGACGGCCATATTCGTCAGGCCACATGGCTTTCTTAGAGGGTTCTTGCATCGTTCGACTGAGTTTGTTTCATGTAGTACGAGCGCAAA	seq13338	49058.026339486	1734.01659020916	1	3	143						87						7	0	81
CATTCCGATACTACATTGTTGGCAATGCGTTCGCATGTCGCATGTGAAACGTTGCTATTCCAGCGGGATGTTTTATCTAAACACGACGACGTCCATATTCGTCAGGCCACATGGCTTTCTTAGAGGGTTCTTGCATCGTTCGACTGAGTTTGTTTCATGTAGTACGAGCGCAAA	seq13339	49058.026339486	16885.8738144586	1	3	144						87						7	0	39
CATTCCGATACTACATTGTTGGCAATGCGTTCGCATGTCGCATGTGAAACGTTGCTATTCCAGCGGGATGTTTTATCTAAACACGACTACGACCATATTCGTCAGGCCACATGGCTTTCTTAGAGGGTTCTTGCATCGTTCGACTGAGTTTGTTTCATGTAGTACGAGCGCAAA	seq13340	49058.026339486	15254.6452598956	1	3	145						87						7	0	96
CATTCCGATACTACATTGTTGGCAATGCGTTCGCATGTCGCATGTGAAACGTTGCTATTCCAGCGGGATGTTTTATCTAAACACGACTACGGCCATATTCGTCAGGCCACATGGCTTTCTTAGAGGGTTCTTGCATCGTTCGACTGAGTTTGTTTCATGTAGTACGAGCGCAAA	seq13341	49058.026339486	1675.73690820326	1	3	146						87						7	0	73
CATTCCGATACTACATTGTTGGCAATGCGTTCGCATGTCGCATGTGAAACGTTGCTATTCCAGCGGGATGTTTTATCTAAACACGACTACGTCCATATTCGTCAGGCCACATGGCTTTCTTAGAGGGTTCTTGCATCGTTCGACTGAGTTTGTTTCATGTAGTACGAGCGCAAA	seq13342	18099.5837182957	13926.3921900501	1	3	147						87						7	0	121
CATTCCGATACTACATTGTTGGCAATGCGTTCGCATGTCGCATGTGAAACGTTGCTATTCCAGCGGGATGTTTTATCTAAACACGACAACGCACATATTCGTCAGGCCACATGGCTTTCTTAGAGGGTTCTTGCATCGTTCGACTGAGTTTGTTTCATGTAGTACGAGCGCAAA	seq13343	49058.026339486	15261.8094429888	1	3	148						87						7	0	76
CATTCCGATACTACATTGTTGGCAATGCGTTCGCATGTCGCATGTGAAACGTTGCTATTCCAGCGGGATGTTTTATCTAAACACGACAACGCGCATATTCGTCAGGCCACATGGCTTTCTTAGAGGGTTCTTGCATCGTTCGACTGAGTTTGTTTCATGTAGTACGAGCGCAAA	seq13344	6317.9837461073	1545.79746775715	1	3	149						87						7	0	66
CATTCCGATACTACATTGTTGGCAATGCGTTCGCATGTCGCATGTGAAACGTTGCTATTCCAGCGGGATGTTTTATCTAAACACGACAACGCTCATATTCGTCAGGCCACATGGCTTTCTTAGAGGGTTCTTGCATCGTTCGACTGAGTTTGTTTCATGTAGTACGAGCGCAAA	seq13345	43182.1794090842	14997.3520221387	1	3	150						87						7	0	96
CATTCCGATACTACATTGTTGGCAATGCGTTCGCATGTCGCATGTGAAACGTTGCTATTCCAGCGGGATGTTTTATCTAAACACGACGACGCACATATTCGTCAGGCCACATGGCTTTCTTAGAGGGTTCTTGCATCGTTCGACTGAGTTTGTTTCATGTAGTACGAGCGCAAA	seq13346	49058.026339486	9384.93720373617	1	3	151						87						7	0	88
CATTCCGATACTACATTGTTGGCAATGCGTTCGCATGTCGCATGTGAAACGTTGCTATTCCAGCGGGATGTTTTATCTAAACACGACGACGCGCATATTCGTCAGGCCACATGGCTTTCTTAGAGGGTTCTTGCATCGTTCGACTGAGTTTGTTTCATGTAGTACGAGCGCAAA	seq13347	15836.8766186062	8854.00741798234	1	3	152						87						7	0	58
CATTCCGATACTACATTGTTGGCAATGCGTTCGCATGTCGCATGTGAAACGTTGCTATTCCAGCGGGATGTTTTATCTAAACACGACGACGCTCATATTCGTCAGGCCACATGGCTTTCTTAGAGGGTTCTTGCATCGTTCGACTGAGTTTGTTTCATGTAGTACGAGCGCAAA	seq13348	6830.00074305411	1953.18989175489	1	3	153						87						7	0	91
CATTCCGATACTACATTGTTGGCAATGCGTTCGCATGTCGCATGTGAAACGTTGCTATTCCAGCGGGATGTTTTATCTAAACACGACTACGCACATATTCGTCAGGCCACATGGCTTTCTTAGAGGGTTCTTGCATCGTTCGACTGAGTTTGTTTCATGTAGTACGAGCGCAAA	seq13349	11797.2643560737	2559.26342014496	1	3	154						87						7	0	75
CATTCCGATACTACATTGTTGGCAATGCGTTCGCATGTCGCATGTGAAACGTTGCTATTCCAGCGGGATGTTTTATCTAAACACGACTACGCGCATATTCGTCAGGCCACATGGCTTTCTTAGAGGGTTCTTGCATCGTTCGACTGAGTTTGTTTCATGTAGTACGAGCGCAAA	seq13350	5976.09748911487	1810.95069420271	1	3	155						87						7	0	68
CATTCCGATACTACATTGTTGGCAATGCGTTCGCATGTCGCATGTGAAACGTTGCTATTCCAGCGGGATGTTTTATCTAAACACGACTACGCTCATATTCGTCAGGCCACATGGCTTTCTTAGAGGGTTCTTGCATCGTTCGACTGAGTTTGTTTCATGTAGTACGAGCGCAAA	seq13351	9719.68700088847	5218.1131219608	1	3	156						87						7	0	109
CATTCCGATACTACATTGTTGGCAATGCGTTCGCATGTCGCATGTGAAACGTTGCTATTCCAGCGGGATGTTTTATCTAAACACGACAACGCCAATATTCGTCAGGCCACATGGCTTTCTTAGAGGGTTCTTGCATCGTTCGACTGAGTTTGTTTCATGTAGTACGAGCGCAAA	seq13352	49058.026339486	3910.16362446448	1	3	157						87						7	0	72
CATTCCGATACTACATTGTTGGCAATGCGTTCGCATGTCGCATGTGAAACGTTGCTATTCCAGCGGGATGTTTTATCTAAACACGACAACGCCGATATTCGTCAGGCCACATGGCTTTCTTAGAGGGTTCTTGCATCGTTCGACTGAGTTTGTTTCATGTAGTACGAGCGCAAA	seq13353	11676.4197439889	3163.41984499695	1	3	158						87						7	0	88
CATTCCGATACTACATTGTTGGCAATGCGTTCGCATGTCGCATGTGAAACGTTGCTATTCCAGCGGGATGTTTTATCTAAACACGACAACGCCTATATTCGTCAGGCCACATGGCTTTCTTAGAGGGTTCTTGCATCGTTCGACTGAGTTTGTTTCATGTAGTACGAGCGCAAA	seq13354	84.8148514259101	12.0074655892008	1	3	159						87						7	0	74
CATTCCGATACTACATTGTTGGCAATGCGTTCGCATGTCGCATGTGAAACGTTGCTATTCCAGCGGGATGTTTTATCTAAACACGACGACGCCAATATTCGTCAGGCCACATGGCTTTCTTAGAGGGTTCTTGCATCGTTCGACTGAGTTTGTTTCATGTAGTACGAGCGCAAA	seq13355	8462.12696183508	2147.90411976784	1	3	160						87						7	0	70
CATTCCGATACTACATTGTTGGCAATGCGTTCGCATGTCGCATGTGAAACGTTGCTATTCCAGCGGGATGTTTTATCTAAACACGACGACGCCGATATTCGTCAGGCCACATGGCTTTCTTAGAGGGTTCTTGCATCGTTCGACTGAGTTTGTTTCATGTAGTACGAGCGCAAA	seq13356	49058.026339486	8474.65526108062	1	3	161						87						7	0	75
CATTCCGATACTACATTGTTGGCAATGCGTTCGCATGTCGCATGTGAAACGTTGCTATTCCAGCGGGATGTTTTATCTAAACACGACGACGCCTATATTCGTCAGGCCACATGGCTTTCTTAGAGGGTTCTTGCATCGTTCGACTGAGTTTGTTTCATGTAGTACGAGCGCAAA	seq13357	338.187512122157	26.3355106673184	1	3	162						87						7	0	92
CATTCCGATACTACATTGTTGGCAATGCGTTCGCATGTCGCATGTGAAACGTTGCTATTCCAGCGGGATGTTTTATCTAAACACGACTACGCCAATATTCGTCAGGCCACATGGCTTTCTTAGAGGGTTCTTGCATCGTTCGACTGAGTTTGTTTCATGTAGTACGAGCGCAAA	seq13358	6303.0404675214	1131.35160769447	1	3	163						87						7	0	106
CATTCCGATACTACATTGTTGGCAATGCGTTCGCATGTCGCATGTGAAACGTTGCTATTCCAGCGGGATGTTTTATCTAAACACGACTACGCCGATATTCGTCAGGCCACATGGCTTTCTTAGAGGGTTCTTGCATCGTTCGACTGAGTTTGTTTCATGTAGTACGAGCGCAAA	seq13359	49058.026339486	1710.88562680094	1	3	164						87						7	0	90
CATTCCGATACTACATTGTTGGCAATGCGTTCGCATGTCGCATGTGAAACGTTGCTATTCCAGCGGGATGTTTTATCTAAACACGACTACGCCTATATTCGTCAGGCCACATGGCTTTCTTAGAGGGTTCTTGCATCGTTCGACTGAGTTTGTTTCATGTAGTACGAGCGCAAA	seq13360	167.654601643981	19.1473679351397	1	3	165						87						7	0	86
CATTCCGATACTACATTGTTGGCAATGCGTTCGCATGTCGCATGTGAAACGTTGCTATTCCAGCGGGATGTTTTATCTAAACACGACAACGCCCCTATTCGTCAGGCCACATGGCTTTCTTAGAGGGTTCTTGCATCGTTCGACTGAGTTTGTTTCATGTAGTACGAGCGCAAA	seq13361	46.4337076818318	2.5413248152668	1	3	166						87						7	0	89
CATTCCGATACTACATTGTTGGCAATGCGTTCGCATGTCGCATGTGAAACGTTGCTATTCCAGCGGGATGTTTTATCTAAACACGACAACGCCCGTATTCGTCAGGCCACATGGCTTTCTTAGAGGGTTCTTGCATCGTTCGACTGAGTTTGTTTCATGTAGTACGAGCGCAAA	seq13362	149.034625906731	17.0554329469941	1	3	167						87						7	0	87
CATTCCGATACTACATTGTTGGCAATGCGTTCGCATGTCGCATGTGAAACGTTGCTATTCCAGCGGGATGTTTTATCTAAACACGACAACGCCCTTATTCGTCAGGCCACATGGCTTTCTTAGAGGGTTCTTGCATCGTTCGACTGAGTTTGTTTCATGTAGTACGAGCGCAAA	seq13363	25.4212881204242	2.04779866538336	1	3	168						87						7	0	82
CATTCCGATACTACATTGTTGGCAATGCGTTCGCATGTCGCATGTGAAACGTTGCTATTCCAGCGGGATGTTTTATCTAAACACGACGACGCCCCTATTCGTCAGGCCACATGGCTTTCTTAGAGGGTTCTTGCATCGTTCGACTGAGTTTGTTTCATGTAGTACGAGCGCAAA	seq13364	213.587275524843	21.8327578133518	1	3	169						87						7	0	100
CATTCCGATACTACATTGTTGGCAATGCGTTCGCATGTCGCATGTGAAACGTTGCTATTCCAGCGGGATGTTTTATCTAAACACGACGACGCCCGTATTCGTCAGGCCACATGGCTTTCTTAGAGGGTTCTTGCATCGTTCGACTGAGTTTGTTTCATGTAGTACGAGCGCAAA	seq13365	854.507179139138	119.396877488503	1	3	170						87						7	0	91
CATTCCGATACTACATTGTTGGCAATGCGTTCGCATGTCGCATGTGAAACGTTGCTATTCCAGCGGGATGTTTTATCTAAACACGACGACGCCCTTATTCGTCAGGCCACATGGCTTTCTTAGAGGGTTCTTGCATCGTTCGACTGAGTTTGTTTCATGTAGTACGAGCGCAAA	seq13366	147.516619929211	13.937752441518	1	3	171						87						7	0	87
CATTCCGATACTACATTGTTGGCAATGCGTTCGCATGTCGCATGTGAAACGTTGCTATTCCAGCGGGATGTTTTATCTAAACACGACTACGCCCCTATTCGTCAGGCCACATGGCTTTCTTAGAGGGTTCTTGCATCGTTCGACTGAGTTTGTTTCATGTAGTACGAGCGCAAA	seq13367	91.5677760981332	13.3513360850598	1	3	172						87						7	0	93
CATTCCGATACTACATTGTTGGCAATGCGTTCGCATGTCGCATGTGAAACGTTGCTATTCCAGCGGGATGTTTTATCTAAACACGACTACGCCCGTATTCGTCAGGCCACATGGCTTTCTTAGAGGGTTCTTGCATCGTTCGACTGAGTTTGTTTCATGTAGTACGAGCGCAAA	seq13368	343.769084648258	89.3861792282596	1	3	173						87						7	0	100
CATTCCGATACTACATTGTTGGCAATGCGTTCGCATGTCGCATGTGAAACGTTGCTATTCCAGCGGGATGTTTTATCTAAACACGACTACGCCCTTATTCGTCAGGCCACATGGCTTTCTTAGAGGGTTCTTGCATCGTTCGACTGAGTTTGTTTCATGTAGTACGAGCGCAAA	seq13369	32.1179762533806	3.02934383898116	1	3	174						87						7	0	87
CATTCCGATACTACATTGTTGGCAATGCGTTCGCATGTCGCATGTGAAACGTTGCTATTCCAGCGGGATGTTTTATCTAAACACGACCCAGCCCATATTCGTCAGGCCACATGGCTTTCTTAGAGGGTTCTTGCATCGTTCGACTGAGTTTGTTTCATGTAGTACGAGCGCAAA	seq13370	569.123046437608	55.6031288829246	1	3	175						87						7	0	93
CATTCCGATACTACATTGTTGGCAATGCGTTCGCATGTCGCATGTGAAACGTTGCTATTCCAGCGGGATGTTTTATCTAAACACGACCCGGCCCATATTCGTCAGGCCACATGGCTTTCTTAGAGGGTTCTTGCATCGTTCGACTGAGTTTGTTTCATGTAGTACGAGCGCAAA	seq13371	2509.06871290566	365.750373581126	1	3	176						87						7	0	78
CATTCCGATACTACATTGTTGGCAATGCGTTCGCATGTCGCATGTGAAACGTTGCTATTCCAGCGGGATGTTTTATCTAAACACGACCCTGCCCATATTCGTCAGGCCACATGGCTTTCTTAGAGGGTTCTTGCATCGTTCGACTGAGTTTGTTTCATGTAGTACGAGCGCAAA	seq13372	598.072748653272	55.2722996589524	1	3	177						87						7	0	65
CATTCCGATACTACATTGTTGGCAATGCGTTCGCATGTCGCATGTGAAACGTTGCTATTCCAGCGGGATGTTTTATCTAAACACGACCGAGCCCATATTCGTCAGGCCACATGGCTTTCTTAGAGGGTTCTTGCATCGTTCGACTGAGTTTGTTTCATGTAGTACGAGCGCAAA	seq13373	3281.43972482301	411.584203523373	1	3	178						87						7	0	89
CATTCCGATACTACATTGTTGGCAATGCGTTCGCATGTCGCATGTGAAACGTTGCTATTCCAGCGGGATGTTTTATCTAAACACGACCGGGCCCATATTCGTCAGGCCACATGGCTTTCTTAGAGGGTTCTTGCATCGTTCGACTGAGTTTGTTTCATGTAGTACGAGCGCAAA	seq13374	5075.22958184547	317.12114113601	1	3	179						87						7	0	99
CATTCCGATACTACATTGTTGGCAATGCGTTCGCATGTCGCATGTGAAACGTTGCTATTCCAGCGGGATGTTTTATCTAAACACGACCGTGCCCATATTCGTCAGGCCACATGGCTTTCTTAGAGGGTTCTTGCATCGTTCGACTGAGTTTGTTTCATGTAGTACGAGCGCAAA	seq13375	2946.15747551149	418.472508272459	1	3	180						87						7	0	89
CATTCCGATACTACATTGTTGGCAATGCGTTCGCATGTCGCATGTGAAACGTTGCTATTCCAGCGGGATGTTTTATCTAAACACGACCTAGCCCATATTCGTCAGGCCACATGGCTTTCTTAGAGGGTTCTTGCATCGTTCGACTGAGTTTGTTTCATGTAGTACGAGCGCAAA	seq13376	2237.21466259849	341.18583342379	1	3	181						87						7	0	85
CATTCCGATACTACATTGTTGGCAATGCGTTCGCATGTCGCATGTGAAACGTTGCTATTCCAGCGGGATGTTTTATCTAAACACGACCTGGCCCATATTCGTCAGGCCACATGGCTTTCTTAGAGGGTTCTTGCATCGTTCGACTGAGTTTGTTTCATGTAGTACGAGCGCAAA	seq13377	3046.63535895087	495.199420561356	1	3	182						87						7	0	110
CATTCCGATACTACATTGTTGGCAATGCGTTCGCATGTCGCATGTGAAACGTTGCTATTCCAGCGGGATGTTTTATCTAAACACGACCTTGCCCATATTCGTCAGGCCACATGGCTTTCTTAGAGGGTTCTTGCATCGTTCGACTGAGTTTGTTTCATGTAGTACGAGCGCAAA	seq13378	2181.4665898446	271.484284345917	1	3	183						87						7	0	97
CATTCCGATACTACATTGTTGGCAATGCGTTCGCATGTCGCATGTGAAACGTTGCTATTCCAGCGGGATGTTTTATCTAAACACGACCCCACCCATATTCGTCAGGCCACATGGCTTTCTTAGAGGGTTCTTGCATCGTTCGACTGAGTTTGTTTCATGTAGTACGAGCGCAAA	seq13379	18.0122611101975	1.03582373272526	1	3	184						87						7	0	108
CATTCCGATACTACATTGTTGGCAATGCGTTCGCATGTCGCATGTGAAACGTTGCTATTCCAGCGGGATGTTTTATCTAAACACGACCCCCCCCATATTCGTCAGGCCACATGGCTTTCTTAGAGGGTTCTTGCATCGTTCGACTGAGTTTGTTTCATGTAGTACGAGCGCAAA	seq13380	4664.32185077085	1179.14001691372	1	3	185						87						7	0	61
CATTCCGATACTACATTGTTGGCAATGCGTTCGCATGTCGCATGTGAAACGTTGCTATTCCAGCGGGATGTTTTATCTAAACACGACCCCTCCCATATTCGTCAGGCCACATGGCTTTCTTAGAGGGTTCTTGCATCGTTCGACTGAGTTTGTTTCATGTAGTACGAGCGCAAA	seq13381	75.2172683481946	9.91928633640843	1	3	186						87						7	0	89
CATTCCGATACTACATTGTTGGCAATGCGTTCGCATGTCGCATGTGAAACGTTGCTATTCCAGCGGGATGTTTTATCTAAACACGACCGCACCCATATTCGTCAGGCCACATGGCTTTCTTAGAGGGTTCTTGCATCGTTCGACTGAGTTTGTTTCATGTAGTACGAGCGCAAA	seq13382	15.4647019626746	1.20342191557708	1	3	187						87						7	0	84
CATTCCGATACTACATTGTTGGCAATGCGTTCGCATGTCGCATGTGAAACGTTGCTATTCCAGCGGGATGTTTTATCTAAACACGACCGCTCCCATATTCGTCAGGCCACATGGCTTTCTTAGAGGGTTCTTGCATCGTTCGACTGAGTTTGTTTCATGTAGTACGAGCGCAAA	seq13383	326.884731429405	34.4937963761777	1	3	188						87						7	0	94
CATTCCGATACTACATTGTTGGCAATGCGTTCGCATGTCGCATGTGAAACGTTGCTATTCCAGCGGGATGTTTTATCTAAACACGACCTCACCCATATTCGTCAGGCCACATGGCTTTCTTAGAGGGTTCTTGCATCGTTCGACTGAGTTTGTTTCATGTAGTACGAGCGCAAA	seq13384	317.972723626434	49.7411554802061	1	3	189						87						7	0	80
CATTCCGATACTACATTGTTGGCAATGCGTTCGCATGTCGCATGTGAAACGTTGCTATTCCAGCGGGATGTTTTATCTAAACACGACCTCCCCCATATTCGTCAGGCCACATGGCTTTCTTAGAGGGTTCTTGCATCGTTCGACTGAGTTTGTTTCATGTAGTACGAGCGCAAA	seq13385	21148.2865169337	13494.8617965791	1	3	190						87						7	0	94
CATTCCGATACTACATTGTTGGCAATGCGTTCGCATGTCGCATGTGAAACGTTGCTATTCCAGCGGGATGTTTTATCTAAACACGACCTCTCCCATATTCGTCAGGCCACATGGCTTTCTTAGAGGGTTCTTGCATCGTTCGACTGAGTTTGTTTCATGTAGTACGAGCGCAAA	seq13386	645.888676023252	73.5556343368839	1	3	191						87						7	0	86
CATTCCGATACTACATTGTTGGCAATGCGTTCGCATGTCGCATGTGAAACGTTGCTATTCCAGCGGGATGTTTTATCTAAACACGACCCCGACCATATTCGTCAGGCCACATGGCTTTCTTAGAGGGTTCTTGCATCGTTCGACTGAGTTTGTTTCATGTAGTACGAGCGCAAA	seq13387	9145.73716284582	1645.11487423845	1	3	192						87						7	0	102
CATTCCGATACTACATTGTTGGCAATGCGTTCGCATGTCGCATGTGAAACGTTGCTATTCCAGCGGGATGTTTTATCTAAACACGACCCCGGCCATATTCGTCAGGCCACATGGCTTTCTTAGAGGGTTCTTGCATCGTTCGACTGAGTTTGTTTCATGTAGTACGAGCGCAAA	seq13388	49058.026339486	2135.308756085	1	3	193						87						7	0	74
CATTCCGATACTACATTGTTGGCAATGCGTTCGCATGTCGCATGTGAAACGTTGCTATTCCAGCGGGATGTTTTATCTAAACACGACCCCGTCCATATTCGTCAGGCCACATGGCTTTCTTAGAGGGTTCTTGCATCGTTCGACTGAGTTTGTTTCATGTAGTACGAGCGCAAA	seq13389	13438.9048522924	5248.78870104412	1	3	194						87						7	0	86
CATTCCGATACTACATTGTTGGCAATGCGTTCGCATGTCGCATGTGAAACGTTGCTATTCCAGCGGGATGTTTTATCTAAACACGACCGCGACCATATTCGTCAGGCCACATGGCTTTCTTAGAGGGTTCTTGCATCGTTCGACTGAGTTTGTTTCATGTAGTACGAGCGCAAA	seq13390	49058.026339486	2519.85143670284	1	3	195						87						7	0	91
CATTCCGATACTACATTGTTGGCAATGCGTTCGCATGTCGCATGTGAAACGTTGCTATTCCAGCGGGATGTTTTATCTAAACACGACCGCGGCCATATTCGTCAGGCCACATGGCTTTCTTAGAGGGTTCTTGCATCGTTCGACTGAGTTTGTTTCATGTAGTACGAGCGCAAA	seq13391	10234.9658260967	3919.44737013892	1	3	196						87						7	0	58
CATTCCGATACTACATTGTTGGCAATGCGTTCGCATGTCGCATGTGAAACGTTGCTATTCCAGCGGGATGTTTTATCTAAACACGACCGCGTCCATATTCGTCAGGCCACATGGCTTTCTTAGAGGGTTCTTGCATCGTTCGACTGAGTTTGTTTCATGTAGTACGAGCGCAAA	seq13392	14480.7750996328	7873.49994973354	1	3	197						87						7	0	83
CATTCCGATACTACATTGTTGGCAATGCGTTCGCATGTCGCATGTGAAACGTTGCTATTCCAGCGGGATGTTTTATCTAAACACGACCTCGACCATATTCGTCAGGCCACATGGCTTTCTTAGAGGGTTCTTGCATCGTTCGACTGAGTTTGTTTCATGTAGTACGAGCGCAAA	seq13393	17379.9844333172	12151.7176075277	1	3	198						87						7	0	108
CATTCCGATACTACATTGTTGGCAATGCGTTCGCATGTCGCATGTGAAACGTTGCTATTCCAGCGGGATGTTTTATCTAAACACGACCTCGGCCATATTCGTCAGGCCACATGGCTTTCTTAGAGGGTTCTTGCATCGTTCGACTGAGTTTGTTTCATGTAGTACGAGCGCAAA	seq13394	49058.026339486	10961.1125547825	1	3	199						87						7	0	77
CATTCCGATACTACATTGTTGGCAATGCGTTCGCATGTCGCATGTGAAACGTTGCTATTCCAGCGGGATGTTTTATCTAAACACGACCTCGTCCATATTCGTCAGGCCACATGGCTTTCTTAGAGGGTTCTTGCATCGTTCGACTGAGTTTGTTTCATGTAGTACGAGCGCAAA	seq13395	14167.9248192105	5028.79886654478	1	3	200						87						7	0	101
CATTCCGATACTACATTGTTGGCAATGCGTTCGCATGTCGCATGTGAAACGTTGCTATTCCAGCGGGATGTTTTATCTAAACACGACCCCGCACATATTCGTCAGGCCACATGGCTTTCTTAGAGGGTTCTTGCATCGTTCGACTGAGTTTGTTTCATGTAGTACGAGCGCAAA	seq13396	49058.026339486	2682.88645367314	1	3	201						87						7	0	71
CATTCCGATACTACATTGTTGGCAATGCGTTCGCATGTCGCATGTGAAACGTTGCTATTCCAGCGGGATGTTTTATCTAAACACGACCCCGCGCATATTCGTCAGGCCACATGGCTTTCTTAGAGGGTTCTTGCATCGTTCGACTGAGTTTGTTTCATGTAGTACGAGCGCAAA	seq13397	24522.3458155942	16304.2698480168	1	3	202						87						7	0	96
CATTCCGATACTACATTGTTGGCAATGCGTTCGCATGTCGCATGTGAAACGTTGCTATTCCAGCGGGATGTTTTATCTAAACACGACCCCGCTCATATTCGTCAGGCCACATGGCTTTCTTAGAGGGTTCTTGCATCGTTCGACTGAGTTTGTTTCATGTAGTACGAGCGCAAA	seq13398	14603.6779527365	5123.63832130031	1	3	203						87						7	0	59
CATTCCGATACTACATTGTTGGCAATGCGTTCGCATGTCGCATGTGAAACGTTGCTATTCCAGCGGGATGTTTTATCTAAACACGACCGCGCACATATTCGTCAGGCCACATGGCTTTCTTAGAGGGTTCTTGCATCGTTCGACTGAGTTTGTTTCATGTAGTACGAGCGCAAA	seq13399	46727.6863329677	14780.4065363406	1	3	204						87						7	0	88
CATTCCGATACTACATTGTTGGCAATGCGTTCGCATGTCGCATGTGAAACGTTGCTATTCCAGCGGGATGTTTTATCTAAACACGACCGCGCGCATATTCGTCAGGCCACATGGCTTTCTTAGAGGGTTCTTGCATCGTTCGACTGAGTTTGTTTCATGTAGTACGAGCGCAAA	seq13400	35152.8532413096	12140.8869838134	1	3	205						87						7	0	49
CATTCCGATACTACATTGTTGGCAATGCGTTCGCATGTCGCATGTGAAACGTTGCTATTCCAGCGGGATGTTTTATCTAAACACGACCGCGCTCATATTCGTCAGGCCACATGGCTTTCTTAGAGGGTTCTTGCATCGTTCGACTGAGTTTGTTTCATGTAGTACGAGCGCAAA	seq13401	10397.7423753759	3569.77567831672	1	3	206						87						7	0	75
CATTCCGATACTACATTGTTGGCAATGCGTTCGCATGTCGCATGTGAAACGTTGCTATTCCAGCGGGATGTTTTATCTAAACACGACCTCGCACATATTCGTCAGGCCACATGGCTTTCTTAGAGGGTTCTTGCATCGTTCGACTGAGTTTGTTTCATGTAGTACGAGCGCAAA	seq13402	49058.026339486	13479.0103549211	1	3	207						87						7	0	71
CATTCCGATACTACATTGTTGGCAATGCGTTCGCATGTCGCATGTGAAACGTTGCTATTCCAGCGGGATGTTTTATCTAAACACGACCTCGCGCATATTCGTCAGGCCACATGGCTTTCTTAGAGGGTTCTTGCATCGTTCGACTGAGTTTGTTTCATGTAGTACGAGCGCAAA	seq13403	49058.026339486	2202.06043970678	1	3	208						87						7	0	82
CATTCCGATACTACATTGTTGGCAATGCGTTCGCATGTCGCATGTGAAACGTTGCTATTCCAGCGGGATGTTTTATCTAAACACGACCTCGCTCATATTCGTCAGGCCACATGGCTTTCTTAGAGGGTTCTTGCATCGTTCGACTGAGTTTGTTTCATGTAGTACGAGCGCAAA	seq13404	49058.026339486	10010.1026323799	1	3	209						87						7	0	77
CATTCCGATACTACATTGTTGGCAATGCGTTCGCATGTCGCATGTGAAACGTTGCTATTCCAGCGGGATGTTTTATCTAAACACGACCCCGCCAATATTCGTCAGGCCACATGGCTTTCTTAGAGGGTTCTTGCATCGTTCGACTGAGTTTGTTTCATGTAGTACGAGCGCAAA	seq13405	4004.6110685576	743.697606604582	1	3	210						87						7	0	70
CATTCCGATACTACATTGTTGGCAATGCGTTCGCATGTCGCATGTGAAACGTTGCTATTCCAGCGGGATGTTTTATCTAAACACGACCCCGCCGATATTCGTCAGGCCACATGGCTTTCTTAGAGGGTTCTTGCATCGTTCGACTGAGTTTGTTTCATGTAGTACGAGCGCAAA	seq13406	7181.61725217847	190.031510201037	1	3	211						87						7	0	70
CATTCCGATACTACATTGTTGGCAATGCGTTCGCATGTCGCATGTGAAACGTTGCTATTCCAGCGGGATGTTTTATCTAAACACGACCCCGCCTATATTCGTCAGGCCACATGGCTTTCTTAGAGGGTTCTTGCATCGTTCGACTGAGTTTGTTTCATGTAGTACGAGCGCAAA	seq13407	57.2910039882389	7.66674393083746	1	3	212						87						7	0	77
CATTCCGATACTACATTGTTGGCAATGCGTTCGCATGTCGCATGTGAAACGTTGCTATTCCAGCGGGATGTTTTATCTAAACACGACCGCGCCAATATTCGTCAGGCCACATGGCTTTCTTAGAGGGTTCTTGCATCGTTCGACTGAGTTTGTTTCATGTAGTACGAGCGCAAA	seq13408	5565.51233849585	1793.18607145816	1	3	213						87						7	0	84
CATTCCGATACTACATTGTTGGCAATGCGTTCGCATGTCGCATGTGAAACGTTGCTATTCCAGCGGGATGTTTTATCTAAACACGACCGCGCCGATATTCGTCAGGCCACATGGCTTTCTTAGAGGGTTCTTGCATCGTTCGACTGAGTTTGTTTCATGTAGTACGAGCGCAAA	seq13409	49058.026339486	15556.9673518656	1	3	214						87						7	0	77
CATTCCGATACTACATTGTTGGCAATGCGTTCGCATGTCGCATGTGAAACGTTGCTATTCCAGCGGGATGTTTTATCTAAACACGACCGCGCCTATATTCGTCAGGCCACATGGCTTTCTTAGAGGGTTCTTGCATCGTTCGACTGAGTTTGTTTCATGTAGTACGAGCGCAAA	seq13410	114.159727834063	15.7277173059366	1	3	215						87						7	0	82
CATTCCGATACTACATTGTTGGCAATGCGTTCGCATGTCGCATGTGAAACGTTGCTATTCCAGCGGGATGTTTTATCTAAACACGACCTCGCCAATATTCGTCAGGCCACATGGCTTTCTTAGAGGGTTCTTGCATCGTTCGACTGAGTTTGTTTCATGTAGTACGAGCGCAAA	seq13411	11033.9581872084	4810.7484382355	1	3	216						87						7	0	85
CATTCCGATACTACATTGTTGGCAATGCGTTCGCATGTCGCATGTGAAACGTTGCTATTCCAGCGGGATGTTTTATCTAAACACGACCTCGCCGATATTCGTCAGGCCACATGGCTTTCTTAGAGGGTTCTTGCATCGTTCGACTGAGTTTGTTTCATGTAGTACGAGCGCAAA	seq13412	49058.026339486	2306.57965606696	1	3	217						87						7	0	97
CATTCCGATACTACATTGTTGGCAATGCGTTCGCATGTCGCATGTGAAACGTTGCTATTCCAGCGGGATGTTTTATCTAAACACGACCTCGCCTATATTCGTCAGGCCACATGGCTTTCTTAGAGGGTTCTTGCATCGTTCGACTGAGTTTGTTTCATGTAGTACGAGCGCAAA	seq13413	451.724769219061	37.2396571676799	1	3	218						87						7	0	80
CATTCCGATACTACATTGTTGGCAATGCGTTCGCATGTCGCATGTGAAACGTTGCTATTCCAGCGGGATGTTTTATCTAAACACGACCCCGCCCGTATTCGTCAGGCCACATGGCTTTCTTAGAGGGTTCTTGCATCGTTCGACTGAGTTTGTTTCATGTAGTACGAGCGCAAA	seq13414	90.6815864336633	14.8762494358965	1	3	219						87						7	0	90
CATTCCGATACTACATTGTTGGCAATGCGTTCGCATGTCGCATGTGAAACGTTGCTATTCCAGCGGGATGTTTTATCTAAACACGACCGCGCCCCTATTCGTCAGGCCACATGGCTTTCTTAGAGGGTTCTTGCATCGTTCGACTGAGTTTGTTTCATGTAGTACGAGCGCAAA	seq13415	40.9182241029683	3.77014206372818	1	3	220						87						7	0	100
CATTCCGATACTACATTGTTGGCAATGCGTTCGCATGTCGCATGTGAAACGTTGCTATTCCAGCGGGATGTTTTATCTAAACACGACCGCGCCCGTATTCGTCAGGCCACATGGCTTTCTTAGAGGGTTCTTGCATCGTTCGACTGAGTTTGTTTCATGTAGTACGAGCGCAAA	seq13416	159.252981557984	18.0116894573534	1	3	221						87						7	0	92
CATTCCGATACTACATTGTTGGCAATGCGTTCGCATGTCGCATGTGAAACGTTGCTATTCCAGCGGGATGTTTTATCTAAACACGACCGCGCCCTTATTCGTCAGGCCACATGGCTTTCTTAGAGGGTTCTTGCATCGTTCGACTGAGTTTGTTTCATGTAGTACGAGCGCAAA	seq13417	25.5897775023981	1.92110058381342	1	3	222						87						7	0	85
CATTCCGATACTACATTGTTGGCAATGCGTTCGCATGTCGCATGTGAAACGTTGCTATTCCAGCGGGATGTTTTATCTAAACACGACCTCGCCCCTATTCGTCAGGCCACATGGCTTTCTTAGAGGGTTCTTGCATCGTTCGACTGAGTTTGTTTCATGTAGTACGAGCGCAAA	seq13418	203.137265593004	27.6823661628312	1	3	223						87						7	0	83
CATTCCGATACTACATTGTTGGCAATGCGTTCGCATGTCGCATGTGAAACGTTGCTATTCCAGCGGGATGTTTTATCTAAACACGACCTCGCCCGTATTCGTCAGGCCACATGGCTTTCTTAGAGGGTTCTTGCATCGTTCGACTGAGTTTGTTTCATGTAGTACGAGCGCAAA	seq13419	994.505247748888	87.4010797832399	1	3	224						87						7	0	67
CATTCCGATACTACATTGTTGGCAATGCGTTCGCATGTCGCATGTGAAACGTTGCTATTCCAGCGGGATGTTTTATCTAAACACGACCTCGCCCTTATTCGTCAGGCCACATGGCTTTCTTAGAGGGTTCTTGCATCGTTCGACTGAGTTTGTTTCATGTAGTACGAGCGCAAA	seq13420	129.58696076351	16.596578139447	1	3	225						87						7	0	82
CATTCCGATACTACATTGTTGGCAATGCGTTCGCATGTCGCATGTGAAACGTTGCTATTCCAGCGGGATGTTTTATCTAAACACGACCAAACCCATATTCGTCAGGCCACATGGCTTTCTTAGAGGGTTCTTGCATCGTTCGACTGAGTTTGTTTCATGTAGTACGAGCGCAAA	seq13421	487.639771703673	50.0955247356283	1	3	226						87						7	0	80
CATTCCGATACTACATTGTTGGCAATGCGTTCGCATGTCGCATGTGAAACGTTGCTATTCCAGCGGGATGTTTTATCTAAACACGACCAACCCCATATTCGTCAGGCCACATGGCTTTCTTAGAGGGTTCTTGCATCGTTCGACTGAGTTTGTTTCATGTAGTACGAGCGCAAA	seq13422	4918.63557827959	880.731114416572	1	3	227						87						7	0	107
CATTCCGATACTACATTGTTGGCAATGCGTTCGCATGTCGCATGTGAAACGTTGCTATTCCAGCGGGATGTTTTATCTAAACACGACCAATCCCATATTCGTCAGGCCACATGGCTTTCTTAGAGGGTTCTTGCATCGTTCGACTGAGTTTGTTTCATGTAGTACGAGCGCAAA	seq13423	4912.33142333229	994.992273522663	1	3	228						87						7	0	78
CATTCCGATACTACATTGTTGGCAATGCGTTCGCATGTCGCATGTGAAACGTTGCTATTCCAGCGGGATGTTTTATCTAAACACGACCAGACCCATATTCGTCAGGCCACATGGCTTTCTTAGAGGGTTCTTGCATCGTTCGACTGAGTTTGTTTCATGTAGTACGAGCGCAAA	seq13424	25715.4723708952	14790.0015129268	1	3	229						87						7	0	99
CATTCCGATACTACATTGTTGGCAATGCGTTCGCATGTCGCATGTGAAACGTTGCTATTCCAGCGGGATGTTTTATCTAAACACGACCAGCCCCATATTCGTCAGGCCACATGGCTTTCTTAGAGGGTTCTTGCATCGTTCGACTGAGTTTGTTTCATGTAGTACGAGCGCAAA	seq13425	5464.63271434149	657.014805511766	1	3	230						87						7	0	70
CATTCCGATACTACATTGTTGGCAATGCGTTCGCATGTCGCATGTGAAACGTTGCTATTCCAGCGGGATGTTTTATCTAAACACGACCAGTCCCATATTCGTCAGGCCACATGGCTTTCTTAGAGGGTTCTTGCATCGTTCGACTGAGTTTGTTTCATGTAGTACGAGCGCAAA	seq13426	49058.026339486	12033.355930418	1	3	231						87						7	0	88
CATTCCGATACTACATTGTTGGCAATGCGTTCGCATGTCGCATGTGAAACGTTGCTATTCCAGCGGGATGTTTTATCTAAACACGACCATACCCATATTCGTCAGGCCACATGGCTTTCTTAGAGGGTTCTTGCATCGTTCGACTGAGTTTGTTTCATGTAGTACGAGCGCAAA	seq13427	6812.34307221798	1610.44429042399	1	3	232						87						7	0	90
CATTCCGATACTACATTGTTGGCAATGCGTTCGCATGTCGCATGTGAAACGTTGCTATTCCAGCGGGATGTTTTATCTAAACACGACCATCCCCATATTCGTCAGGCCACATGGCTTTCTTAGAGGGTTCTTGCATCGTTCGACTGAGTTTGTTTCATGTAGTACGAGCGCAAA	seq13428	4592.85156855083	1005.23460853897	1	3	233						87						7	0	83
CATTCCGATACTACATTGTTGGCAATGCGTTCGCATGTCGCATGTGAAACGTTGCTATTCCAGCGGGATGTTTTATCTAAACACGACCATTCCCATATTCGTCAGGCCACATGGCTTTCTTAGAGGGTTCTTGCATCGTTCGACTGAGTTTGTTTCATGTAGTACGAGCGCAAA	seq13429	6744.62943849934	1077.13127309075	1	3	234						87						7	0	94
CATTCCGATACTACATTGTTGGCAATGCGTTCGCATGTCGCATGTGAAACGTTGCTATTCCAGCGGGATGTTTTATCTAAACACGACCAAGACCATATTCGTCAGGCCACATGGCTTTCTTAGAGGGTTCTTGCATCGTTCGACTGAGTTTGTTTCATGTAGTACGAGCGCAAA	seq13430	49058.026339486	1739.51548518767	1	3	235						87						7	0	74
CATTCCGATACTACATTGTTGGCAATGCGTTCGCATGTCGCATGTGAAACGTTGCTATTCCAGCGGGATGTTTTATCTAAACACGACCAAGGCCATATTCGTCAGGCCACATGGCTTTCTTAGAGGGTTCTTGCATCGTTCGACTGAGTTTGTTTCATGTAGTACGAGCGCAAA	seq13431	21260.180322751	7906.07555309225	1	3	236						87						7	0	91
CATTCCGATACTACATTGTTGGCAATGCGTTCGCATGTCGCATGTGAAACGTTGCTATTCCAGCGGGATGTTTTATCTAAACACGACCAAGTCCATATTCGTCAGGCCACATGGCTTTCTTAGAGGGTTCTTGCATCGTTCGACTGAGTTTGTTTCATGTAGTACGAGCGCAAA	seq13432	49058.026339486	2001.73767667415	1	3	237						87						7	0	80
CATTCCGATACTACATTGTTGGCAATGCGTTCGCATGTCGCATGTGAAACGTTGCTATTCCAGCGGGATGTTTTATCTAAACACGACCAGGACCATATTCGTCAGGCCACATGGCTTTCTTAGAGGGTTCTTGCATCGTTCGACTGAGTTTGTTTCATGTAGTACGAGCGCAAA	seq13433	12653.9310040823	5139.82341771252	1	3	238						87						7	0	87
CATTCCGATACTACATTGTTGGCAATGCGTTCGCATGTCGCATGTGAAACGTTGCTATTCCAGCGGGATGTTTTATCTAAACACGACCAGGGCCATATTCGTCAGGCCACATGGCTTTCTTAGAGGGTTCTTGCATCGTTCGACTGAGTTTGTTTCATGTAGTACGAGCGCAAA	seq13434	49058.026339486	1797.75457317416	1	3	239						87						7	0	94
CATTCCGATACTACATTGTTGGCAATGCGTTCGCATGTCGCATGTGAAACGTTGCTATTCCAGCGGGATGTTTTATCTAAACACGACCAGGTCCATATTCGTCAGGCCACATGGCTTTCTTAGAGGGTTCTTGCATCGTTCGACTGAGTTTGTTTCATGTAGTACGAGCGCAAA	seq13435	49058.026339486	1681.93165310911	1	3	240						87						7	0	99
CATTCCGATACTACATTGTTGGCAATGCGTTCGCATGTCGCATGTGAAACGTTGCTATTCCAGCGGGATGTTTTATCTAAACACGACCATGACCATATTCGTCAGGCCACATGGCTTTCTTAGAGGGTTCTTGCATCGTTCGACTGAGTTTGTTTCATGTAGTACGAGCGCAAA	seq13436	35953.8340329046	16207.1866807238	1	3	241						87						7	0	88
CATTCCGATACTACATTGTTGGCAATGCGTTCGCATGTCGCATGTGAAACGTTGCTATTCCAGCGGGATGTTTTATCTAAACACGACCATGGCCATATTCGTCAGGCCACATGGCTTTCTTAGAGGGTTCTTGCATCGTTCGACTGAGTTTGTTTCATGTAGTACGAGCGCAAA	seq13437	49058.026339486	1796.04573313636	1	3	242						87						7	0	93
CATTCCGATACTACATTGTTGGCAATGCGTTCGCATGTCGCATGTGAAACGTTGCTATTCCAGCGGGATGTTTTATCTAAACACGACCATGTCCATATTCGTCAGGCCACATGGCTTTCTTAGAGGGTTCTTGCATCGTTCGACTGAGTTTGTTTCATGTAGTACGAGCGCAAA	seq13438	16942.6706166163	13199.1700425702	1	3	243						87						7	0	116
CATTCCGATACTACATTGTTGGCAATGCGTTCGCATGTCGCATGTGAAACGTTGCTATTCCAGCGGGATGTTTTATCTAAACACGACCAAGCACATATTCGTCAGGCCACATGGCTTTCTTAGAGGGTTCTTGCATCGTTCGACTGAGTTTGTTTCATGTAGTACGAGCGCAAA	seq13439	49058.026339486	1807.9569349673	1	3	244						87						7	0	74
CATTCCGATACTACATTGTTGGCAATGCGTTCGCATGTCGCATGTGAAACGTTGCTATTCCAGCGGGATGTTTTATCTAAACACGACCAAGCGCATATTCGTCAGGCCACATGGCTTTCTTAGAGGGTTCTTGCATCGTTCGACTGAGTTTGTTTCATGTAGTACGAGCGCAAA	seq13440	49058.026339486	13186.4696964253	1	3	245						87						7	0	62
CATTCCGATACTACATTGTTGGCAATGCGTTCGCATGTCGCATGTGAAACGTTGCTATTCCAGCGGGATGTTTTATCTAAACACGACCAAGCTCATATTCGTCAGGCCACATGGCTTTCTTAGAGGGTTCTTGCATCGTTCGACTGAGTTTGTTTCATGTAGTACGAGCGCAAA	seq13441	41638.267953775	17460.9915049476	1	3	246						87						7	0	62
CATTCCGATACTACATTGTTGGCAATGCGTTCGCATGTCGCATGTGAAACGTTGCTATTCCAGCGGGATGTTTTATCTAAACACGACCAGGCACATATTCGTCAGGCCACATGGCTTTCTTAGAGGGTTCTTGCATCGTTCGACTGAGTTTGTTTCATGTAGTACGAGCGCAAA	seq13442	49058.026339486	1831.33154948968	1	3	247						87						7	0	86
CATTCCGATACTACATTGTTGGCAATGCGTTCGCATGTCGCATGTGAAACGTTGCTATTCCAGCGGGATGTTTTATCTAAACACGACCAGGCGCATATTCGTCAGGCCACATGGCTTTCTTAGAGGGTTCTTGCATCGTTCGACTGAGTTTGTTTCATGTAGTACGAGCGCAAA	seq13443	17856.7150034747	10318.4850925176	1	3	248						87						7	0	91
CATTCCGATACTACATTGTTGGCAATGCGTTCGCATGTCGCATGTGAAACGTTGCTATTCCAGCGGGATGTTTTATCTAAACACGACCAGGCTCATATTCGTCAGGCCACATGGCTTTCTTAGAGGGTTCTTGCATCGTTCGACTGAGTTTGTTTCATGTAGTACGAGCGCAAA	seq13444	49058.026339486	16548.4977039596	1	3	249						87						7	0	83
CATTCCGATACTACATTGTTGGCAATGCGTTCGCATGTCGCATGTGAAACGTTGCTATTCCAGCGGGATGTTTTATCTAAACACGACCATGCACATATTCGTCAGGCCACATGGCTTTCTTAGAGGGTTCTTGCATCGTTCGACTGAGTTTGTTTCATGTAGTACGAGCGCAAA	seq13445	26422.7228543376	11840.0711113233	1	3	250						87						7	0	93
CATTCCGATACTACATTGTTGGCAATGCGTTCGCATGTCGCATGTGAAACGTTGCTATTCCAGCGGGATGTTTTATCTAAACACGACCATGCGCATATTCGTCAGGCCACATGGCTTTCTTAGAGGGTTCTTGCATCGTTCGACTGAGTTTGTTTCATGTAGTACGAGCGCAAA	seq13446	49058.026339486	2328.10185808297	1	3	251						87						7	0	73
CATTCCGATACTACATTGTTGGCAATGCGTTCGCATGTCGCATGTGAAACGTTGCTATTCCAGCGGGATGTTTTATCTAAACACGACCATGCTCATATTCGTCAGGCCACATGGCTTTCTTAGAGGGTTCTTGCATCGTTCGACTGAGTTTGTTTCATGTAGTACGAGCGCAAA	seq13447	49058.026339486	15971.07829323	1	3	252						87						7	0	116
CATTCCGATACTACATTGTTGGCAATGCGTTCGCATGTCGCATGTGAAACGTTGCTATTCCAGCGGGATGTTTTATCTAAACACGACCAAGCCAATATTCGTCAGGCCACATGGCTTTCTTAGAGGGTTCTTGCATCGTTCGACTGAGTTTGTTTCATGTAGTACGAGCGCAAA	seq13448	19632.8626446961	13309.8567557855	1	3	253						87						7	0	91
CATTCCGATACTACATTGTTGGCAATGCGTTCGCATGTCGCATGTGAAACGTTGCTATTCCAGCGGGATGTTTTATCTAAACACGACCAAGCCGATATTCGTCAGGCCACATGGCTTTCTTAGAGGGTTCTTGCATCGTTCGACTGAGTTTGTTTCATGTAGTACGAGCGCAAA	seq13449	49058.026339486	2378.70529046004	1	3	254						87						7	0	84
CATTCCGATACTACATTGTTGGCAATGCGTTCGCATGTCGCATGTGAAACGTTGCTATTCCAGCGGGATGTTTTATCTAAACACGACCAAGCCTATATTCGTCAGGCCACATGGCTTTCTTAGAGGGTTCTTGCATCGTTCGACTGAGTTTGTTTCATGTAGTACGAGCGCAAA	seq13450	2651.68939732898	463.203190934734	1	3	255						87						7	0	77
CATTCCGATACTACATTGTTGGCAATGCGTTCGCATGTCGCATGTGAAACGTTGCTATTCCAGCGGGATGTTTTATCTAAACACGACCAGGCCAATATTCGTCAGGCCACATGGCTTTCTTAGAGGGTTCTTGCATCGTTCGACTGAGTTTGTTTCATGTAGTACGAGCGCAAA	seq13451	13317.2046487754	5857.82716709636	1	3	256						87						7	0	64
CATTCCGATACTACATTGTTGGCAATGCGTTCGCATGTCGCATGTGAAACGTTGCTATTCCAGCGGGATGTTTTATCTAAACACGACCAGGCCGATATTCGTCAGGCCACATGGCTTTCTTAGAGGGTTCTTGCATCGTTCGACTGAGTTTGTTTCATGTAGTACGAGCGCAAA	seq13452	49058.026339486	2177.59688525322	1	3	257						87						7	0	99
CATTCCGATACTACATTGTTGGCAATGCGTTCGCATGTCGCATGTGAAACGTTGCTATTCCAGCGGGATGTTTTATCTAAACACGACCAGGCCTATATTCGTCAGGCCACATGGCTTTCTTAGAGGGTTCTTGCATCGTTCGACTGAGTTTGTTTCATGTAGTACGAGCGCAAA	seq13453	9186.11536385915	1589.75689511904	1	3	258						87						7	0	68
CATTCCGATACTACATTGTTGGCAATGCGTTCGCATGTCGCATGTGAAACGTTGCTATTCCAGCGGGATGTTTTATCTAAACACGACCATGCCAATATTCGTCAGGCCACATGGCTTTCTTAGAGGGTTCTTGCATCGTTCGACTGAGTTTGTTTCATGTAGTACGAGCGCAAA	seq13454	49058.026339486	1882.84450414546	1	3	259						87						7	0	64
CATTCCGATACTACATTGTTGGCAATGCGTTCGCATGTCGCATGTGAAACGTTGCTATTCCAGCGGGATGTTTTATCTAAACACGACCATGCCGATATTCGTCAGGCCACATGGCTTTCTTAGAGGGTTCTTGCATCGTTCGACTGAGTTTGTTTCATGTAGTACGAGCGCAAA	seq13455	49058.026339486	3879.76663538063	1	3	260						87						7	0	79
CATTCCGATACTACATTGTTGGCAATGCGTTCGCATGTCGCATGTGAAACGTTGCTATTCCAGCGGGATGTTTTATCTAAACACGACCATGCCTATATTCGTCAGGCCACATGGCTTTCTTAGAGGGTTCTTGCATCGTTCGACTGAGTTTGTTTCATGTAGTACGAGCGCAAA	seq13456	10906.7664524679	1862.10738877726	1	3	261						87						7	0	98
CATTCCGATACTACATTGTTGGCAATGCGTTCGCATGTCGCATGTGAAACGTTGCTATTCCAGCGGGATGTTTTATCTAAACACGACCAAGCCCCTATTCGTCAGGCCACATGGCTTTCTTAGAGGGTTCTTGCATCGTTCGACTGAGTTTGTTTCATGTAGTACGAGCGCAAA	seq13457	1691.92336456267	219.160307025681	1	3	262						87						7	0	79
CATTCCGATACTACATTGTTGGCAATGCGTTCGCATGTCGCATGTGAAACGTTGCTATTCCAGCGGGATGTTTTATCTAAACACGACCAAGCCCGTATTCGTCAGGCCACATGGCTTTCTTAGAGGGTTCTTGCATCGTTCGACTGAGTTTGTTTCATGTAGTACGAGCGCAAA	seq13458	5558.34852201272	1221.28759530818	1	3	263						87						7	0	90
CATTCCGATACTACATTGTTGGCAATGCGTTCGCATGTCGCATGTGAAACGTTGCTATTCCAGCGGGATGTTTTATCTAAACACGACCAAGCCCTTATTCGTCAGGCCACATGGCTTTCTTAGAGGGTTCTTGCATCGTTCGACTGAGTTTGTTTCATGTAGTACGAGCGCAAA	seq13459	2015.35770267824	247.004259597773	1	3	264						87						7	0	94
CATTCCGATACTACATTGTTGGCAATGCGTTCGCATGTCGCATGTGAAACGTTGCTATTCCAGCGGGATGTTTTATCTAAACACGACCAGGCCCCTATTCGTCAGGCCACATGGCTTTCTTAGAGGGTTCTTGCATCGTTCGACTGAGTTTGTTTCATGTAGTACGAGCGCAAA	seq13460	41916.7471723032	14451.9728737669	1	3	265						87						7	0	79
CATTCCGATACTACATTGTTGGCAATGCGTTCGCATGTCGCATGTGAAACGTTGCTATTCCAGCGGGATGTTTTATCTAAACACGACCAGGCCCGTATTCGTCAGGCCACATGGCTTTCTTAGAGGGTTCTTGCATCGTTCGACTGAGTTTGTTTCATGTAGTACGAGCGCAAA	seq13461	10588.1908531277	3563.37443130819	1	3	266						87						7	0	105
CATTCCGATACTACATTGTTGGCAATGCGTTCGCATGTCGCATGTGAAACGTTGCTATTCCAGCGGGATGTTTTATCTAAACACGACCAGGCCCTTATTCGTCAGGCCACATGGCTTTCTTAGAGGGTTCTTGCATCGTTCGACTGAGTTTGTTTCATGTAGTACGAGCGCAAA	seq13462	8483.53008598457	2502.89385126995	1	3	267						87						7	0	99
CATTCCGATACTACATTGTTGGCAATGCGTTCGCATGTCGCATGTGAAACGTTGCTATTCCAGCGGGATGTTTTATCTAAACACGACCATGCCCCTATTCGTCAGGCCACATGGCTTTCTTAGAGGGTTCTTGCATCGTTCGACTGAGTTTGTTTCATGTAGTACGAGCGCAAA	seq13463	13175.1165191525	5593.72217425515	1	3	268						87						7	0	83
CATTCCGATACTACATTGTTGGCAATGCGTTCGCATGTCGCATGTGAAACGTTGCTATTCCAGCGGGATGTTTTATCTAAACACGACCATGCCCGTATTCGTCAGGCCACATGGCTTTCTTAGAGGGTTCTTGCATCGTTCGACTGAGTTTGTTTCATGTAGTACGAGCGCAAA	seq13464	4436.85989456308	820.642394624394	1	3	269						87						7	0	101
CATTCCGATACTACATTGTTGGCAATGCGTTCGCATGTCGCATGTGAAACGTTGCTATTCCAGCGGGATGTTTTATCTAAACACGACCATGCCCTTATTCGTCAGGCCACATGGCTTTCTTAGAGGGTTCTTGCATCGTTCGACTGAGTTTGTTTCATGTAGTACGAGCGCAAA	seq13465	4101.49745859198	846.281993308285	1	3	270						87						7	0	92
CATTCCGATACTACATTGTTGGCAATGCGTTCGCATGTCGCATGTGAAACGTTGCTATTCCAGCGGGATGTTTTATCTAAACACGACCACAACCATATTCGTCAGGCCACATGGCTTTCTTAGAGGGTTCTTGCATCGTTCGACTGAGTTTGTTTCATGTAGTACGAGCGCAAA	seq13466	22392.0604109715	16078.7981910223	1	3	271						87						7	0	75
CATTCCGATACTACATTGTTGGCAATGCGTTCGCATGTCGCATGTGAAACGTTGCTATTCCAGCGGGATGTTTTATCTAAACACGACCACAGCCATATTCGTCAGGCCACATGGCTTTCTTAGAGGGTTCTTGCATCGTTCGACTGAGTTTGTTTCATGTAGTACGAGCGCAAA	seq13467	49058.026339486	1754.2014912529	1	3	272						87						7	0	94
CATTCCGATACTACATTGTTGGCAATGCGTTCGCATGTCGCATGTGAAACGTTGCTATTCCAGCGGGATGTTTTATCTAAACACGACCACATCCATATTCGTCAGGCCACATGGCTTTCTTAGAGGGTTCTTGCATCGTTCGACTGAGTTTGTTTCATGTAGTACGAGCGCAAA	seq13468	11644.0967847296	6616.39995720265	1	3	273						87						7	0	92
CATTCCGATACTACATTGTTGGCAATGCGTTCGCATGTCGCATGTGAAACGTTGCTATTCCAGCGGGATGTTTTATCTAAACACGACCACCACCATATTCGTCAGGCCACATGGCTTTCTTAGAGGGTTCTTGCATCGTTCGACTGAGTTTGTTTCATGTAGTACGAGCGCAAA	seq13469	11509.0571323052	3663.4415925979	1	3	274						87						7	0	80
CATTCCGATACTACATTGTTGGCAATGCGTTCGCATGTCGCATGTGAAACGTTGCTATTCCAGCGGGATGTTTTATCTAAACACGACCACCGCCATATTCGTCAGGCCACATGGCTTTCTTAGAGGGTTCTTGCATCGTTCGACTGAGTTTGTTTCATGTAGTACGAGCGCAAA	seq13470	34373.728190921	13804.0468784594	1	3	275						87						7	0	121
CATTCCGATACTACATTGTTGGCAATGCGTTCGCATGTCGCATGTGAAACGTTGCTATTCCAGCGGGATGTTTTATCTAAACACGACCACCTCCATATTCGTCAGGCCACATGGCTTTCTTAGAGGGTTCTTGCATCGTTCGACTGAGTTTGTTTCATGTAGTACGAGCGCAAA	seq13471	49058.026339486	1672.56112333221	1	3	276						87						7	0	75
CATTCCGATACTACATTGTTGGCAATGCGTTCGCATGTCGCATGTGAAACGTTGCTATTCCAGCGGGATGTTTTATCTAAACACGACCACTACCATATTCGTCAGGCCACATGGCTTTCTTAGAGGGTTCTTGCATCGTTCGACTGAGTTTGTTTCATGTAGTACGAGCGCAAA	seq13472	49058.026339486	8885.33902081562	1	3	277						87						7	0	100
CATTCCGATACTACATTGTTGGCAATGCGTTCGCATGTCGCATGTGAAACGTTGCTATTCCAGCGGGATGTTTTATCTAAACACGACCACTGCCATATTCGTCAGGCCACATGGCTTTCTTAGAGGGTTCTTGCATCGTTCGACTGAGTTTGTTTCATGTAGTACGAGCGCAAA	seq13473	11788.3161624684	5222.00187973111	1	3	278						87						7	0	73
CATTCCGATACTACATTGTTGGCAATGCGTTCGCATGTCGCATGTGAAACGTTGCTATTCCAGCGGGATGTTTTATCTAAACACGACCACTTCCATATTCGTCAGGCCACATGGCTTTCTTAGAGGGTTCTTGCATCGTTCGACTGAGTTTGTTTCATGTAGTACGAGCGCAAA	seq13474	14265.6455028299	5782.12025131531	1	3	279						87						7	0	98
CATTCCGATACTACATTGTTGGCAATGCGTTCGCATGTCGCATGTGAAACGTTGCTATTCCAGCGGGATGTTTTATCTAAACACGACCACACACATATTCGTCAGGCCACATGGCTTTCTTAGAGGGTTCTTGCATCGTTCGACTGAGTTTGTTTCATGTAGTACGAGCGCAAA	seq13475	49058.026339486	5058.17459599362	1	3	280						87						7	0	99
CATTCCGATACTACATTGTTGGCAATGCGTTCGCATGTCGCATGTGAAACGTTGCTATTCCAGCGGGATGTTTTATCTAAACACGACCACACGCATATTCGTCAGGCCACATGGCTTTCTTAGAGGGTTCTTGCATCGTTCGACTGAGTTTGTTTCATGTAGTACGAGCGCAAA	seq13476	5694.83714242705	1229.95430373558	1	3	281						87						7	0	93
CATTCCGATACTACATTGTTGGCAATGCGTTCGCATGTCGCATGTGAAACGTTGCTATTCCAGCGGGATGTTTTATCTAAACACGACCACACTCATATTCGTCAGGCCACATGGCTTTCTTAGAGGGTTCTTGCATCGTTCGACTGAGTTTGTTTCATGTAGTACGAGCGCAAA	seq13477	16076.0176678323	6530.19481054569	1	3	282						87						7	0	111
CATTCCGATACTACATTGTTGGCAATGCGTTCGCATGTCGCATGTGAAACGTTGCTATTCCAGCGGGATGTTTTATCTAAACACGACCACCCACATATTCGTCAGGCCACATGGCTTTCTTAGAGGGTTCTTGCATCGTTCGACTGAGTTTGTTTCATGTAGTACGAGCGCAAA	seq13478	5950.722813016	1548.75829128126	1	3	283						87						7	0	85
CATTCCGATACTACATTGTTGGCAATGCGTTCGCATGTCGCATGTGAAACGTTGCTATTCCAGCGGGATGTTTTATCTAAACACGACCACCCGCATATTCGTCAGGCCACATGGCTTTCTTAGAGGGTTCTTGCATCGTTCGACTGAGTTTGTTTCATGTAGTACGAGCGCAAA	seq13479	5505.86544867388	1876.68089541009	1	3	284						87						7	0	93
CATTCCGATACTACATTGTTGGCAATGCGTTCGCATGTCGCATGTGAAACGTTGCTATTCCAGCGGGATGTTTTATCTAAACACGACCACCCTCATATTCGTCAGGCCACATGGCTTTCTTAGAGGGTTCTTGCATCGTTCGACTGAGTTTGTTTCATGTAGTACGAGCGCAAA	seq13480	11828.4820593347	3510.89968045748	1	3	285						87						7	0	116
CATTCCGATACTACATTGTTGGCAATGCGTTCGCATGTCGCATGTGAAACGTTGCTATTCCAGCGGGATGTTTTATCTAAACACGACCACTCACATATTCGTCAGGCCACATGGCTTTCTTAGAGGGTTCTTGCATCGTTCGACTGAGTTTGTTTCATGTAGTACGAGCGCAAA	seq13481	49058.026339486	1889.9693624775	1	3	286						87						7	0	76
CATTCCGATACTACATTGTTGGCAATGCGTTCGCATGTCGCATGTGAAACGTTGCTATTCCAGCGGGATGTTTTATCTAAACACGACCACTCGCATATTCGTCAGGCCACATGGCTTTCTTAGAGGGTTCTTGCATCGTTCGACTGAGTTTGTTTCATGTAGTACGAGCGCAAA	seq13482	49058.026339486	6182.5683859739	1	3	287						87						7	0	95
CATTCCGATACTACATTGTTGGCAATGCGTTCGCATGTCGCATGTGAAACGTTGCTATTCCAGCGGGATGTTTTATCTAAACACGACCACTCTCATATTCGTCAGGCCACATGGCTTTCTTAGAGGGTTCTTGCATCGTTCGACTGAGTTTGTTTCATGTAGTACGAGCGCAAA	seq13483	40835.6946243852	14401.8900780203	1	3	288						87						7	0	91
CATTCCGATACTACATTGTTGGCAATGCGTTCGCATGTCGCATGTGAAACGTTGCTATTCCAGCGGGATGTTTTATCTAAACACGACCACACCAATATTCGTCAGGCCACATGGCTTTCTTAGAGGGTTCTTGCATCGTTCGACTGAGTTTGTTTCATGTAGTACGAGCGCAAA	seq13484	2041.73111604926	236.036583421943	1	3	289						87						7	0	101
CATTCCGATACTACATTGTTGGCAATGCGTTCGCATGTCGCATGTGAAACGTTGCTATTCCAGCGGGATGTTTTATCTAAACACGACCACACCGATATTCGTCAGGCCACATGGCTTTCTTAGAGGGTTCTTGCATCGTTCGACTGAGTTTGTTTCATGTAGTACGAGCGCAAA	seq13485	5904.41055936802	1369.71009812021	1	3	290						87						7	0	69
CATTCCGATACTACATTGTTGGCAATGCGTTCGCATGTCGCATGTGAAACGTTGCTATTCCAGCGGGATGTTTTATCTAAACACGACCACACCTATATTCGTCAGGCCACATGGCTTTCTTAGAGGGTTCTTGCATCGTTCGACTGAGTTTGTTTCATGTAGTACGAGCGCAAA	seq13486	22.5996653473818	1.54270774452533	1	3	291						87						7	0	102
CATTCCGATACTACATTGTTGGCAATGCGTTCGCATGTCGCATGTGAAACGTTGCTATTCCAGCGGGATGTTTTATCTAAACACGACCACCCCAATATTCGTCAGGCCACATGGCTTTCTTAGAGGGTTCTTGCATCGTTCGACTGAGTTTGTTTCATGTAGTACGAGCGCAAA	seq13487	5236.93159268443	1154.02983839928	1	3	292						87						7	0	83
CATTCCGATACTACATTGTTGGCAATGCGTTCGCATGTCGCATGTGAAACGTTGCTATTCCAGCGGGATGTTTTATCTAAACACGACCACCCCGATATTCGTCAGGCCACATGGCTTTCTTAGAGGGTTCTTGCATCGTTCGACTGAGTTTGTTTCATGTAGTACGAGCGCAAA	seq13488	6944.52295770714	2169.27138847245	1	3	293						87						7	0	87
CATTCCGATACTACATTGTTGGCAATGCGTTCGCATGTCGCATGTGAAACGTTGCTATTCCAGCGGGATGTTTTATCTAAACACGACCACCCCTATATTCGTCAGGCCACATGGCTTTCTTAGAGGGTTCTTGCATCGTTCGACTGAGTTTGTTTCATGTAGTACGAGCGCAAA	seq13489	2369.68824073656	443.986538991084	1	3	294						87						7	0	84
CATTCCGATACTACATTGTTGGCAATGCGTTCGCATGTCGCATGTGAAACGTTGCTATTCCAGCGGGATGTTTTATCTAAACACGACCACTCCAATATTCGTCAGGCCACATGGCTTTCTTAGAGGGTTCTTGCATCGTTCGACTGAGTTTGTTTCATGTAGTACGAGCGCAAA	seq13490	49058.026339486	2171.16723726858	1	3	295						87						7	0	83
CATTCCGATACTACATTGTTGGCAATGCGTTCGCATGTCGCATGTGAAACGTTGCTATTCCAGCGGGATGTTTTATCTAAACACGACCACTCCGATATTCGTCAGGCCACATGGCTTTCTTAGAGGGTTCTTGCATCGTTCGACTGAGTTTGTTTCATGTAGTACGAGCGCAAA	seq13491	49058.026339486	8521.0820449395	1	3	296						87						7	0	83
CATTCCGATACTACATTGTTGGCAATGCGTTCGCATGTCGCATGTGAAACGTTGCTATTCCAGCGGGATGTTTTATCTAAACACGACCACTCCTATATTCGTCAGGCCACATGGCTTTCTTAGAGGGTTCTTGCATCGTTCGACTGAGTTTGTTTCATGTAGTACGAGCGCAAA	seq13492	217.190599861695	22.0376164311197	1	3	297						87						7	0	123
CATTCCGATACTACATTGTTGGCAATGCGTTCGCATGTCGCATGTGAAACGTTGCTATTCCAGCGGGATGTTTTATCTAAACACGACCACACCCGTATTCGTCAGGCCACATGGCTTTCTTAGAGGGTTCTTGCATCGTTCGACTGAGTTTGTTTCATGTAGTACGAGCGCAAA	seq13493	27.8061884812497	2.14652383471926	1	3	298						87						7	0	63
CATTCCGATACTACATTGTTGGCAATGCGTTCGCATGTCGCATGTGAAACGTTGCTATTCCAGCGGGATGTTTTATCTAAACACGACCACCCCCCTATTCGTCAGGCCACATGGCTTTCTTAGAGGGTTCTTGCATCGTTCGACTGAGTTTGTTTCATGTAGTACGAGCGCAAA	seq13494	2881.75948526835	380.759112749836	1	3	299						87						7	0	81
CATTCCGATACTACATTGTTGGCAATGCGTTCGCATGTCGCATGTGAAACGTTGCTATTCCAGCGGGATGTTTTATCTAAACACGACCACCCCCGTATTCGTCAGGCCACATGGCTTTCTTAGAGGGTTCTTGCATCGTTCGACTGAGTTTGTTTCATGTAGTACGAGCGCAAA	seq13495	13854.3186895752	3237.00211591724	1	3	300						87						7	0	81
CATTCCGATACTACATTGTTGGCAATGCGTTCGCATGTCGCATGTGAAACGTTGCTATTCCAGCGGGATGTTTTATCTAAACACGACCACTCCCCTATTCGTCAGGCCACATGGCTTTCTTAGAGGGTTCTTGCATCGTTCGACTGAGTTTGTTTCATGTAGTACGAGCGCAAA	seq13496	142.680189262693	23.3074589935053	1	3	301						87						7	0	103
CATTCCGATACTACATTGTTGGCAATGCGTTCGCATGTCGCATGTGAAACGTTGCTATTCCAGCGGGATGTTTTATCTAAACACGACCACTCCCGTATTCGTCAGGCCACATGGCTTTCTTAGAGGGTTCTTGCATCGTTCGACTGAGTTTGTTTCATGTAGTACGAGCGCAAA	seq13497	418.783121249141	28.5409874778498	1	3	302						87						7	0	119
CATTCCGATACTACATTGTTGGCAATGCGTTCGCATGTCGCATGTGAAACGTTGCTATTCCAGCGGGATGTTTTATCTAAACACGACCACTCCCTTATTCGTCAGGCCACATGGCTTTCTTAGAGGGTTCTTGCATCGTTCGACTGAGTTTGTTTCATGTAGTACGAGCGCAAA	seq13498	61.5539829557567	14.1243082592467	1	3	303						87						7	0	96
CATTCCGATACTACATTGTTGGCAATGCGTTCGCATGTCGCATGTGAAACGTTGCTATTCCAGCGGGATGTTTTATCTAAACACGACCACGAACATATTCGTCAGGCCACATGGCTTTCTTAGAGGGTTCTTGCATCGTTCGACTGAGTTTGTTTCATGTAGTACGAGCGCAAA	seq13499	49058.026339486	2538.12420948769	1	3	304						87						7	0	92
CATTCCGATACTACATTGTTGGCAATGCGTTCGCATGTCGCATGTGAAACGTTGCTATTCCAGCGGGATGTTTTATCTAAACACGACCACGAGCATATTCGTCAGGCCACATGGCTTTCTTAGAGGGTTCTTGCATCGTTCGACTGAGTTTGTTTCATGTAGTACGAGCGCAAA	seq13500	49058.026339486	1668.67214113081	1	3	305						87						7	0	91
CATTCCGATACTACATTGTTGGCAATGCGTTCGCATGTCGCATGTGAAACGTTGCTATTCCAGCGGGATGTTTTATCTAAACACGACCACGATCATATTCGTCAGGCCACATGGCTTTCTTAGAGGGTTCTTGCATCGTTCGACTGAGTTTGTTTCATGTAGTACGAGCGCAAA	seq13501	49058.026339486	1777.84178237561	1	3	306						87						7	0	91
CATTCCGATACTACATTGTTGGCAATGCGTTCGCATGTCGCATGTGAAACGTTGCTATTCCAGCGGGATGTTTTATCTAAACACGACCACGGACATATTCGTCAGGCCACATGGCTTTCTTAGAGGGTTCTTGCATCGTTCGACTGAGTTTGTTTCATGTAGTACGAGCGCAAA	seq13502	29741.5194535982	18568.6774983593	1	3	307						87						7	0	94
CATTCCGATACTACATTGTTGGCAATGCGTTCGCATGTCGCATGTGAAACGTTGCTATTCCAGCGGGATGTTTTATCTAAACACGACCACGGGCATATTCGTCAGGCCACATGGCTTTCTTAGAGGGTTCTTGCATCGTTCGACTGAGTTTGTTTCATGTAGTACGAGCGCAAA	seq13503	23125.3482851187	12516.4523098325	1	3	308						87						7	0	76
CATTCCGATACTACATTGTTGGCAATGCGTTCGCATGTCGCATGTGAAACGTTGCTATTCCAGCGGGATGTTTTATCTAAACACGACCACGGTCATATTCGTCAGGCCACATGGCTTTCTTAGAGGGTTCTTGCATCGTTCGACTGAGTTTGTTTCATGTAGTACGAGCGCAAA	seq13504	49058.026339486	1841.48244208189	1	3	309						87						7	0	103
CATTCCGATACTACATTGTTGGCAATGCGTTCGCATGTCGCATGTGAAACGTTGCTATTCCAGCGGGATGTTTTATCTAAACACGACCACGTACATATTCGTCAGGCCACATGGCTTTCTTAGAGGGTTCTTGCATCGTTCGACTGAGTTTGTTTCATGTAGTACGAGCGCAAA	seq13505	11190.9951650436	4386.57677514543	1	3	310						87						7	0	93
CATTCCGATACTACATTGTTGGCAATGCGTTCGCATGTCGCATGTGAAACGTTGCTATTCCAGCGGGATGTTTTATCTAAACACGACCACGTGCATATTCGTCAGGCCACATGGCTTTCTTAGAGGGTTCTTGCATCGTTCGACTGAGTTTGTTTCATGTAGTACGAGCGCAAA	seq13506	9551.19587824489	3253.45223566312	1	3	311						87						7	0	107
CATTCCGATACTACATTGTTGGCAATGCGTTCGCATGTCGCATGTGAAACGTTGCTATTCCAGCGGGATGTTTTATCTAAACACGACCACGTTCATATTCGTCAGGCCACATGGCTTTCTTAGAGGGTTCTTGCATCGTTCGACTGAGTTTGTTTCATGTAGTACGAGCGCAAA	seq13507	44815.2556677406	13909.1480223325	1	3	312						87						7	0	74
CATTCCGATACTACATTGTTGGCAATGCGTTCGCATGTCGCATGTGAAACGTTGCTATTCCAGCGGGATGTTTTATCTAAACACGACCACGACAATATTCGTCAGGCCACATGGCTTTCTTAGAGGGTTCTTGCATCGTTCGACTGAGTTTGTTTCATGTAGTACGAGCGCAAA	seq13508	49058.026339486	2658.35254248475	1	3	313						87						7	0	86
CATTCCGATACTACATTGTTGGCAATGCGTTCGCATGTCGCATGTGAAACGTTGCTATTCCAGCGGGATGTTTTATCTAAACACGACCACGACGATATTCGTCAGGCCACATGGCTTTCTTAGAGGGTTCTTGCATCGTTCGACTGAGTTTGTTTCATGTAGTACGAGCGCAAA	seq13509	49058.026339486	5977.27745502928	1	3	314						87						7	0	99
CATTCCGATACTACATTGTTGGCAATGCGTTCGCATGTCGCATGTGAAACGTTGCTATTCCAGCGGGATGTTTTATCTAAACACGACCACGACTATATTCGTCAGGCCACATGGCTTTCTTAGAGGGTTCTTGCATCGTTCGACTGAGTTTGTTTCATGTAGTACGAGCGCAAA	seq13510	11802.6336327409	3267.58183422819	1	3	315						87						7	0	104
CATTCCGATACTACATTGTTGGCAATGCGTTCGCATGTCGCATGTGAAACGTTGCTATTCCAGCGGGATGTTTTATCTAAACACGACCACGGCAATATTCGTCAGGCCACATGGCTTTCTTAGAGGGTTCTTGCATCGTTCGACTGAGTTTGTTTCATGTAGTACGAGCGCAAA	seq13511	49058.026339486	1895.28400358052	1	3	316						87						7	0	82
CATTCCGATACTACATTGTTGGCAATGCGTTCGCATGTCGCATGTGAAACGTTGCTATTCCAGCGGGATGTTTTATCTAAACACGACCACGGCGATATTCGTCAGGCCACATGGCTTTCTTAGAGGGTTCTTGCATCGTTCGACTGAGTTTGTTTCATGTAGTACGAGCGCAAA	seq13512	49058.026339486	2912.97834718934	1	3	317						87						7	0	80
CATTCCGATACTACATTGTTGGCAATGCGTTCGCATGTCGCATGTGAAACGTTGCTATTCCAGCGGGATGTTTTATCTAAACACGACCACGGCTATATTCGTCAGGCCACATGGCTTTCTTAGAGGGTTCTTGCATCGTTCGACTGAGTTTGTTTCATGTAGTACGAGCGCAAA	seq13513	8157.42338631027	1557.65842507113	1	3	318						87						7	0	108
CATTCCGATACTACATTGTTGGCAATGCGTTCGCATGTCGCATGTGAAACGTTGCTATTCCAGCGGGATGTTTTATCTAAACACGACCACGTCAATATTCGTCAGGCCACATGGCTTTCTTAGAGGGTTCTTGCATCGTTCGACTGAGTTTGTTTCATGTAGTACGAGCGCAAA	seq13514	13048.0856215263	4067.86699470102	1	3	319						87						7	0	80
CATTCCGATACTACATTGTTGGCAATGCGTTCGCATGTCGCATGTGAAACGTTGCTATTCCAGCGGGATGTTTTATCTAAACACGACCACGTCGATATTCGTCAGGCCACATGGCTTTCTTAGAGGGTTCTTGCATCGTTCGACTGAGTTTGTTTCATGTAGTACGAGCGCAAA	seq13515	49058.026339486	1983.82797215957	1	3	320						87						7	0	79
CATTCCGATACTACATTGTTGGCAATGCGTTCGCATGTCGCATGTGAAACGTTGCTATTCCAGCGGGATGTTTTATCTAAACACGACCACGTCTATATTCGTCAGGCCACATGGCTTTCTTAGAGGGTTCTTGCATCGTTCGACTGAGTTTGTTTCATGTAGTACGAGCGCAAA	seq13516	7564.90919838433	3309.24097637792	1	3	321						87						7	0	69
CATTCCGATACTACATTGTTGGCAATGCGTTCGCATGTCGCATGTGAAACGTTGCTATTCCAGCGGGATGTTTTATCTAAACACGACCACGACCCTATTCGTCAGGCCACATGGCTTTCTTAGAGGGTTCTTGCATCGTTCGACTGAGTTTGTTTCATGTAGTACGAGCGCAAA	seq13517	10534.575466261	5848.15502131665	1	3	322						87						7	0	80
CATTCCGATACTACATTGTTGGCAATGCGTTCGCATGTCGCATGTGAAACGTTGCTATTCCAGCGGGATGTTTTATCTAAACACGACCACGACCGTATTCGTCAGGCCACATGGCTTTCTTAGAGGGTTCTTGCATCGTTCGACTGAGTTTGTTTCATGTAGTACGAGCGCAAA	seq13518	13758.3905588732	216.841960441418	1	3	323						87						7	0	87
CATTCCGATACTACATTGTTGGCAATGCGTTCGCATGTCGCATGTGAAACGTTGCTATTCCAGCGGGATGTTTTATCTAAACACGACCACGACCTTATTCGTCAGGCCACATGGCTTTCTTAGAGGGTTCTTGCATCGTTCGACTGAGTTTGTTTCATGTAGTACGAGCGCAAA	seq13519	18201.5722408147	12438.6985279959	1	3	324						87						7	0	86
CATTCCGATACTACATTGTTGGCAATGCGTTCGCATGTCGCATGTGAAACGTTGCTATTCCAGCGGGATGTTTTATCTAAACACGACCACGGCCCTATTCGTCAGGCCACATGGCTTTCTTAGAGGGTTCTTGCATCGTTCGACTGAGTTTGTTTCATGTAGTACGAGCGCAAA	seq13520	16401.6887756939	15321.7714727926	1	3	325						87						7	0	75
CATTCCGATACTACATTGTTGGCAATGCGTTCGCATGTCGCATGTGAAACGTTGCTATTCCAGCGGGATGTTTTATCTAAACACGACCACGGCCGTATTCGTCAGGCCACATGGCTTTCTTAGAGGGTTCTTGCATCGTTCGACTGAGTTTGTTTCATGTAGTACGAGCGCAAA	seq13521	49058.026339486	1610.94889824702	1	3	326						87						7	0	76
CATTCCGATACTACATTGTTGGCAATGCGTTCGCATGTCGCATGTGAAACGTTGCTATTCCAGCGGGATGTTTTATCTAAACACGACCACGGCCTTATTCGTCAGGCCACATGGCTTTCTTAGAGGGTTCTTGCATCGTTCGACTGAGTTTGTTTCATGTAGTACGAGCGCAAA	seq13522	18977.6105938749	15817.5880557503	1	3	327						87						7	0	103
CATTCCGATACTACATTGTTGGCAATGCGTTCGCATGTCGCATGTGAAACGTTGCTATTCCAGCGGGATGTTTTATCTAAACACGACCACGTCCCTATTCGTCAGGCCACATGGCTTTCTTAGAGGGTTCTTGCATCGTTCGACTGAGTTTGTTTCATGTAGTACGAGCGCAAA	seq13523	49058.026339486	10897.9235741441	1	3	328						87						7	0	84
CATTCCGATACTACATTGTTGGCAATGCGTTCGCATGTCGCATGTGAAACGTTGCTATTCCAGCGGGATGTTTTATCTAAACACGACCACGTCCGTATTCGTCAGGCCACATGGCTTTCTTAGAGGGTTCTTGCATCGTTCGACTGAGTTTGTTTCATGTAGTACGAGCGCAAA	seq13524	49058.026339486	14400.2323701903	1	3	329						87						7	0	74
CATTCCGATACTACATTGTTGGCAATGCGTTCGCATGTCGCATGTGAAACGTTGCTATTCCAGCGGGATGTTTTATCTAAACACGACCACGTCCTTATTCGTCAGGCCACATGGCTTTCTTAGAGGGTTCTTGCATCGTTCGACTGAGTTTGTTTCATGTAGTACGAGCGCAAA	seq13525	49058.026339486	3726.35001256341	1	3	330						87						7	0	94
CATTCCGATACTACATTGTTGGCAATGCGTTCGCATGTCGCATGTGAAACGTTGCTATTCCAGCGGGATGTTTTATCTAAACACGACCACGCAAATATTCGTCAGGCCACATGGCTTTCTTAGAGGGTTCTTGCATCGTTCGACTGAGTTTGTTTCATGTAGTACGAGCGCAAA	seq13526	49058.026339486	2292.58932723798	1	3	331						87						7	0	83
CATTCCGATACTACATTGTTGGCAATGCGTTCGCATGTCGCATGTGAAACGTTGCTATTCCAGCGGGATGTTTTATCTAAACACGACCACGCAGATATTCGTCAGGCCACATGGCTTTCTTAGAGGGTTCTTGCATCGTTCGACTGAGTTTGTTTCATGTAGTACGAGCGCAAA	seq13527	22430.6114988337	16834.8915815752	1	3	332						87						7	0	80
CATTCCGATACTACATTGTTGGCAATGCGTTCGCATGTCGCATGTGAAACGTTGCTATTCCAGCGGGATGTTTTATCTAAACACGACCACGCATATATTCGTCAGGCCACATGGCTTTCTTAGAGGGTTCTTGCATCGTTCGACTGAGTTTGTTTCATGTAGTACGAGCGCAAA	seq13528	49058.026339486	2401.14163802124	1	3	333						87						7	0	61
CATTCCGATACTACATTGTTGGCAATGCGTTCGCATGTCGCATGTGAAACGTTGCTATTCCAGCGGGATGTTTTATCTAAACACGACCACGCGAATATTCGTCAGGCCACATGGCTTTCTTAGAGGGTTCTTGCATCGTTCGACTGAGTTTGTTTCATGTAGTACGAGCGCAAA	seq13529	28972.8762349788	15724.0387106255	1	3	334						87						7	0	74
CATTCCGATACTACATTGTTGGCAATGCGTTCGCATGTCGCATGTGAAACGTTGCTATTCCAGCGGGATGTTTTATCTAAACACGACCACGCGGATATTCGTCAGGCCACATGGCTTTCTTAGAGGGTTCTTGCATCGTTCGACTGAGTTTGTTTCATGTAGTACGAGCGCAAA	seq13530	49058.026339486	3590.26657811984	1	3	335						87						7	0	66
CATTCCGATACTACATTGTTGGCAATGCGTTCGCATGTCGCATGTGAAACGTTGCTATTCCAGCGGGATGTTTTATCTAAACACGACCACGCGTATATTCGTCAGGCCACATGGCTTTCTTAGAGGGTTCTTGCATCGTTCGACTGAGTTTGTTTCATGTAGTACGAGCGCAAA	seq13531	49058.026339486	1825.40726426875	1	3	336						87						7	0	65
CATTCCGATACTACATTGTTGGCAATGCGTTCGCATGTCGCATGTGAAACGTTGCTATTCCAGCGGGATGTTTTATCTAAACACGACCACGCTAATATTCGTCAGGCCACATGGCTTTCTTAGAGGGTTCTTGCATCGTTCGACTGAGTTTGTTTCATGTAGTACGAGCGCAAA	seq13532	23886.8245750641	12557.0692182295	1	3	337						87						7	0	91
CATTCCGATACTACATTGTTGGCAATGCGTTCGCATGTCGCATGTGAAACGTTGCTATTCCAGCGGGATGTTTTATCTAAACACGACCACGCTGATATTCGTCAGGCCACATGGCTTTCTTAGAGGGTTCTTGCATCGTTCGACTGAGTTTGTTTCATGTAGTACGAGCGCAAA	seq13533	14257.6915822019	8304.67755648747	1	3	338						87						7	0	68
CATTCCGATACTACATTGTTGGCAATGCGTTCGCATGTCGCATGTGAAACGTTGCTATTCCAGCGGGATGTTTTATCTAAACACGACCACGCTTATATTCGTCAGGCCACATGGCTTTCTTAGAGGGTTCTTGCATCGTTCGACTGAGTTTGTTTCATGTAGTACGAGCGCAAA	seq13534	49058.026339486	14542.1568954208	1	3	339						87						7	0	92
CATTCCGATACTACATTGTTGGCAATGCGTTCGCATGTCGCATGTGAAACGTTGCTATTCCAGCGGGATGTTTTATCTAAACACGACCACGCACCTATTCGTCAGGCCACATGGCTTTCTTAGAGGGTTCTTGCATCGTTCGACTGAGTTTGTTTCATGTAGTACGAGCGCAAA	seq13535	22085.9328860378	15883.9036704836	1	3	340						87						7	0	70
CATTCCGATACTACATTGTTGGCAATGCGTTCGCATGTCGCATGTGAAACGTTGCTATTCCAGCGGGATGTTTTATCTAAACACGACCACGCACGTATTCGTCAGGCCACATGGCTTTCTTAGAGGGTTCTTGCATCGTTCGACTGAGTTTGTTTCATGTAGTACGAGCGCAAA	seq13536	49058.026339486	1647.21101723737	1	3	341						87						7	0	87
CATTCCGATACTACATTGTTGGCAATGCGTTCGCATGTCGCATGTGAAACGTTGCTATTCCAGCGGGATGTTTTATCTAAACACGACCACGCACTTATTCGTCAGGCCACATGGCTTTCTTAGAGGGTTCTTGCATCGTTCGACTGAGTTTGTTTCATGTAGTACGAGCGCAAA	seq13537	12369.8989061719	5696.13252142694	1	3	342						87						7	0	111
CATTCCGATACTACATTGTTGGCAATGCGTTCGCATGTCGCATGTGAAACGTTGCTATTCCAGCGGGATGTTTTATCTAAACACGACCACGCGCCTATTCGTCAGGCCACATGGCTTTCTTAGAGGGTTCTTGCATCGTTCGACTGAGTTTGTTTCATGTAGTACGAGCGCAAA	seq13538	11500.2755770965	4586.53407591683	1	3	343						87						7	0	73
CATTCCGATACTACATTGTTGGCAATGCGTTCGCATGTCGCATGTGAAACGTTGCTATTCCAGCGGGATGTTTTATCTAAACACGACCACGCGCGTATTCGTCAGGCCACATGGCTTTCTTAGAGGGTTCTTGCATCGTTCGACTGAGTTTGTTTCATGTAGTACGAGCGCAAA	seq13539	5686.73810264167	1080.3252802083	1	3	344						87						7	0	79
CATTCCGATACTACATTGTTGGCAATGCGTTCGCATGTCGCATGTGAAACGTTGCTATTCCAGCGGGATGTTTTATCTAAACACGACCACGCGCTTATTCGTCAGGCCACATGGCTTTCTTAGAGGGTTCTTGCATCGTTCGACTGAGTTTGTTTCATGTAGTACGAGCGCAAA	seq13540	5725.4108592239	676.362385942001	1	3	345						87						7	0	84
CATTCCGATACTACATTGTTGGCAATGCGTTCGCATGTCGCATGTGAAACGTTGCTATTCCAGCGGGATGTTTTATCTAAACACGACCACGCTCCTATTCGTCAGGCCACATGGCTTTCTTAGAGGGTTCTTGCATCGTTCGACTGAGTTTGTTTCATGTAGTACGAGCGCAAA	seq13541	9657.21110980869	2928.82701820305	1	3	346						87						7	0	72
CATTCCGATACTACATTGTTGGCAATGCGTTCGCATGTCGCATGTGAAACGTTGCTATTCCAGCGGGATGTTTTATCTAAACACGACCACGCTCGTATTCGTCAGGCCACATGGCTTTCTTAGAGGGTTCTTGCATCGTTCGACTGAGTTTGTTTCATGTAGTACGAGCGCAAA	seq13542	9856.6859652435	3441.95951516492	1	3	347						87						7	0	88
CATTCCGATACTACATTGTTGGCAATGCGTTCGCATGTCGCATGTGAAACGTTGCTATTCCAGCGGGATGTTTTATCTAAACACGACCACGCTCTTATTCGTCAGGCCACATGGCTTTCTTAGAGGGTTCTTGCATCGTTCGACTGAGTTTGTTTCATGTAGTACGAGCGCAAA	seq13543	49058.026339486	2132.95417002514	1	3	348						87						7	0	78
CATTCCGATACTACATTGTTGGCAATGCGTTCGCATGTCGCATGTGAAACGTTGCTATTCCAGCGGGATGTTTTATCTAAACACGACCACGCCACTATTCGTCAGGCCACATGGCTTTCTTAGAGGGTTCTTGCATCGTTCGACTGAGTTTGTTTCATGTAGTACGAGCGCAAA	seq13544	4427.70780649936	894.185131530276	1	3	349						87						7	0	89
CATTCCGATACTACATTGTTGGCAATGCGTTCGCATGTCGCATGTGAAACGTTGCTATTCCAGCGGGATGTTTTATCTAAACACGACCACGCCAGTATTCGTCAGGCCACATGGCTTTCTTAGAGGGTTCTTGCATCGTTCGACTGAGTTTGTTTCATGTAGTACGAGCGCAAA	seq13545	2200.80045251915	170.181269841186	1	3	350						87						7	0	86
CATTCCGATACTACATTGTTGGCAATGCGTTCGCATGTCGCATGTGAAACGTTGCTATTCCAGCGGGATGTTTTATCTAAACACGACCACGCCATTATTCGTCAGGCCACATGGCTTTCTTAGAGGGTTCTTGCATCGTTCGACTGAGTTTGTTTCATGTAGTACGAGCGCAAA	seq13546	2600.98780636025	340.303127789765	1	3	351						87						7	0	115
CATTCCGATACTACATTGTTGGCAATGCGTTCGCATGTCGCATGTGAAACGTTGCTATTCCAGCGGGATGTTTTATCTAAACACGACCACGCCGCTATTCGTCAGGCCACATGGCTTTCTTAGAGGGTTCTTGCATCGTTCGACTGAGTTTGTTTCATGTAGTACGAGCGCAAA	seq13547	5757.88244591392	1189.14522093036	1	3	352						87						7	0	93
CATTCCGATACTACATTGTTGGCAATGCGTTCGCATGTCGCATGTGAAACGTTGCTATTCCAGCGGGATGTTTTATCTAAACACGACCACGCCGGTATTCGTCAGGCCACATGGCTTTCTTAGAGGGTTCTTGCATCGTTCGACTGAGTTTGTTTCATGTAGTACGAGCGCAAA	seq13548	5456.57055797849	1212.40845178188	1	3	353						87						7	0	84
CATTCCGATACTACATTGTTGGCAATGCGTTCGCATGTCGCATGTGAAACGTTGCTATTCCAGCGGGATGTTTTATCTAAACACGACCACGCCGTTATTCGTCAGGCCACATGGCTTTCTTAGAGGGTTCTTGCATCGTTCGACTGAGTTTGTTTCATGTAGTACGAGCGCAAA	seq13549	4272.22506771178	911.653796562004	1	3	354						87						7	0	88
CATTCCGATACTACATTGTTGGCAATGCGTTCGCATGTCGCATGTGAAACGTTGCTATTCCAGCGGGATGTTTTATCTAAACACGACCACGCCTGTATTCGTCAGGCCACATGGCTTTCTTAGAGGGTTCTTGCATCGTTCGACTGAGTTTGTTTCATGTAGTACGAGCGCAAA	seq13550	97.8341399320435	21.2794173625966	1	3	355						87						7	0	85
CATTCCGATACTACATTGTTGGCAATGCGTTCGCATGTCGCATGTGAAACGTTGCTATTCCAGCGGGATGTTTTATCTAAACACGACCACGCCTTTATTCGTCAGGCCACATGGCTTTCTTAGAGGGTTCTTGCATCGTTCGACTGAGTTTGTTTCATGTAGTACGAGCGCAAA	seq13551	23.5218871652242	1.13623567742519	1	3	356						87						7	0	109
CATTCCGATACTACATTGTTGGCAATGCGTTCGCATGTCGCATGTGAAACGTTGCTCACGGCCAAAGTCTAGCAGGGAGTCTGTCGTACTTAGATTATAAAACGGCTTGCCTCAGGTTTTGAACGGGTTCTTGCATCGTTCGACTGAGTTTGTTTCATGTAGTACGAGCGCAAA	seq13552	37614.8552008329	13107.8223776383	1	3	16						87						4759	0	62
