# total_frames:1 beg:0 end:0 stride:1 interaction_types:hp,sb,pc,ps,ts,vdw,hb
# Columns: frame, interaction_type, atom_1, atom_2[, atom_3[, atom_4]]
0	sb	A:HIS:7:ND1	C:DG:32:OP1
0	sb	A:ARG:68:NH2	C:DG:26:OP1
0	sb	A:ARG:68:NH1	C:DG:26:OP2
0	sb	A:HIS:7:ND1	C:DG:32:OP2
0	sb	A:ARG:68:NH2	C:DC:25:OP1
0	sb	A:HIS:37:ND1	C:DG:29:OP1
0	sb	A:ARG:68:NH1	C:DG:26:OP1
0	sb	A:HIS:37:ND1	C:DG:29:OP2
0	sb	A:ARG:54:NH1	C:DG:26:OP1
0	pc	A:ARG:30:NH1	C:DC:31:C2
0	pc	A:ARG:36:NH2	C:DG:29:C2
0	pc	A:ARG:58:NH1	C:DG:28:C2
0	pc	A:HIS:3:NE2	C:DT:33:C2
0	pc	A:HIS:61:ND1	C:DT:27:C2
0	pc	A:ARG:36:NH1	C:DG:29:C2
0	pc	A:HIS:61:NE2	C:DT:27:C2
0	pc	A:ARG:58:NH2	C:DG:28:C2
0	pc	A:ARG:30:NH2	C:DC:31:C2
0	pc	A:HIS:3:ND1	C:DT:33:C2
0	ps	A:HIS:61:CD2	C:DT:27:C2
0	ps	A:HIS:61:CD2	C:DG:26:C2
0	ps	A:HIS:61:CD2	B:DG:19:C2
0	vdw	A:HIS:7:ND1	C:DG:32:OP1
0	vdw	A:HIS:7:CE1	C:DG:32:OP1
0	vdw	A:HIS:3:CG	C:DT:33:C7
0	vdw	A:HIS:3:ND1	C:DT:33:C7
0	vdw	A:HIS:3:CE1	C:DT:33:C7
0	vdw	A:HIS:3:CB	C:DT:33:C7
0	vdw	A:ARG:30:CZ	C:DC:31:C5
0	vdw	A:ARG:30:NH1	C:DC:31:C5
0	vdw	A:ARG:30:NH1	C:DC:31:C6
0	vdw	A:GLU:33:OE1	C:DC:31:C5
0	vdw	A:GLU:33:OE1	C:DC:31:C6
0	vdw	A:ARG:30:NH1	C:DG:32:N7
0	vdw	A:PHE:28:CD1	C:DT:30:OP2
0	vdw	A:PHE:28:CE1	C:DT:30:OP2
0	vdw	A:ARG:36:NH2	C:DT:30:C6
0	vdw	A:GLU:33:OE1	C:DT:30:C2'
0	vdw	A:TRP:26:CH2	C:DG:29:C5'
0	vdw	A:TRP:26:CH2	C:DG:29:C4'
0	vdw	A:TRP:26:CZ3	C:DG:29:C3'
0	vdw	A:TRP:26:CZ3	C:DG:29:O3'
0	vdw	A:SER:2:CB	B:DA:14:OP1
0	vdw	A:SER:2:CA	B:DA:14:OP1
0	vdw	A:TYR:17:OH	B:DA:15:OP1
0	vdw	A:ARG:30:CZ	C:DT:33:O4
0	vdw	A:ARG:30:NH1	C:DT:33:O4
0	vdw	A:HIS:3:ND1	C:DT:33:C4
0	vdw	A:HIS:3:CE1	C:DT:33:C4
0	vdw	A:HIS:3:ND1	C:DT:33:C5
0	vdw	A:HIS:3:CE1	C:DT:33:C5
0	vdw	A:HIS:3:ND1	C:DT:33:C6
0	vdw	A:HIS:3:CE1	C:DT:33:C6
0	vdw	A:ARG:30:NH2	C:DC:31:C4
0	vdw	A:ARG:30:NH2	C:DG:32:O6
0	vdw	A:ARG:30:NH1	C:DG:32:C5
0	vdw	A:ARG:30:CZ	C:DG:32:O6
0	vdw	A:ARG:30:NH1	C:DG:32:O6
0	vdw	A:ARG:36:CZ	C:DT:30:C7
0	vdw	A:ARG:36:NH1	C:DT:30:C7
0	vdw	A:ARG:36:NE	C:DT:30:C7
0	vdw	A:ARG:36:CZ	C:DT:30:C4
0	vdw	A:ARG:36:NH1	C:DT:30:C4
0	vdw	A:ARG:36:CZ	C:DT:30:O4
0	vdw	A:ARG:36:NH1	C:DT:30:O4
0	vdw	A:ARG:36:CZ	C:DT:30:C5
0	vdw	A:ARG:36:NH1	C:DT:30:C5
0	vdw	A:ARG:36:NH2	C:DT:30:C4
0	vdw	A:ARG:36:NH2	C:DT:30:O4
0	vdw	A:ARG:36:NH2	C:DT:30:C5
0	vdw	A:HIS:37:ND1	C:DG:29:P
0	vdw	A:HIS:37:ND1	C:DG:29:OP1
0	vdw	A:HIS:37:CE1	C:DG:29:OP1
0	vdw	A:ARG:36:NH2	C:DG:29:C8
0	vdw	A:ARG:58:NH1	C:DG:29:N7
0	vdw	A:ARG:58:NH1	C:DG:29:C5
0	vdw	A:ARG:58:NH1	C:DG:29:C6
0	vdw	A:ARG:58:CZ	C:DG:29:O6
0	vdw	A:ARG:58:NH1	C:DG:29:O6
0	vdw	A:ARG:58:NH2	C:DG:29:O6
0	vdw	A:ARG:36:CZ	C:DG:29:N7
0	vdw	A:ARG:36:NH2	C:DG:29:N7
0	vdw	A:ARG:36:NH2	C:DG:29:C5
0	vdw	A:ARG:58:NH2	B:DA:20:N6
0	vdw	A:HIS:61:CE1	C:DG:28:C8
0	vdw	A:HIS:61:NE2	C:DG:28:C8
0	vdw	A:HIS:61:CE1	C:DG:28:N7
0	vdw	A:HIS:61:NE2	C:DG:28:N7
0	vdw	A:ARG:58:NH1	C:DG:28:C8
0	vdw	A:ARG:58:NH1	C:DG:28:N7
0	vdw	A:ARG:58:NH1	C:DG:28:C5
0	vdw	A:TYR:17:OH	B:DA:15:P
0	vdw	A:SER:2:CB	B:DA:14:C8
0	vdw	A:SER:2:OG	B:DA:14:C8
0	vdw	A:SER:2:CB	B:DA:14:N7
0	vdw	A:SER:2:OG	B:DA:14:N7
0	vdw	A:TYR:17:OH	B:DA:15:OP2
0	vdw	A:SER:31:OG	B:DA:15:C2'
0	vdw	A:HIS:3:CE1	C:DG:34:C6
0	vdw	A:HIS:3:CE1	C:DG:34:O6
0	vdw	A:HIS:3:CE1	C:DG:34:N7
0	vdw	A:HIS:3:NE2	C:DG:34:N7
0	vdw	A:ASP:32:OD2	B:DA:17:N6
0	vdw	A:ASP:32:CB	B:DA:17:N7
0	vdw	A:ARG:30:NH2	B:DA:17:N6
0	vdw	A:LYS:40:CG	C:DG:28:OP1
0	vdw	A:SER:57:OG	C:DG:28:OP2
0	vdw	A:HIS:61:CE1	C:DT:27:C2'
0	vdw	A:HIS:61:NE2	C:DT:27:C5
0	vdw	A:HIS:61:CE1	C:DT:27:C6
0	vdw	A:HIS:61:CD2	C:DT:27:C7
0	vdw	A:HIS:61:NE2	C:DT:27:C7
0	vdw	A:ARG:68:NH2	C:DC:25:C2'
0	vdw	A:ARG:68:NH1	C:DC:25:C3'
0	vdw	A:ARG:68:NH1	C:DC:25:C2'
0	vdw	A:ARG:68:NE	C:DC:25:C3'
0	vdw	A:ARG:68:CZ	C:DC:25:C3'
0	vdw	A:ARG:68:CZ	C:DC:25:C2'
0	vdw	A:ARG:68:CZ	C:DC:25:C4'
0	vdw	A:ARG:68:NH2	C:DC:25:C4'
0	vdw	A:ARG:68:NH2	C:DC:25:O5'
0	vdw	A:PHE:56:CD1	C:DT:27:OP2
0	vdw	A:PHE:56:CE1	C:DT:27:OP2
0	vdw	A:ARG:68:NH1	C:DC:25:O3'
0	vdw	A:ARG:68:NH1	C:DG:26:OP1
0	vdw	A:ARG:68:NH1	C:DG:26:OP2
0	vdw	A:ARG:68:NH1	C:DG:26:O5'
0	vdw	A:ARG:68:CZ	C:DC:25:O3'
0	vdw	A:ARG:68:NE	C:DG:26:P
0	vdw	A:ARG:68:CZ	C:DG:26:P
0	vdw	A:ARG:68:CZ	C:DG:26:OP1
0	vdw	A:ARG:68:NE	C:DG:26:OP2
0	vdw	A:ARG:68:CZ	C:DG:26:OP2
0	vdw	A:ARG:68:NH2	C:DC:25:O3'
0	vdw	A:ARG:68:NH2	C:DG:26:P
0	vdw	A:ARG:68:NH2	C:DG:26:OP1
0	vdw	A:PHE:47:CE1	B:DC:18:OP2
0	vdw	A:PHE:47:CZ	B:DC:18:OP2
